Author,Scopus Author ID,Tags,Level 1,Level 2,Level 3,Level 4,Level 5,Level 6,Level 7,Level 8,Level 9,Level 10
"Arias-Hidalgo, Mijail",36493874100,,ESPOL,Centros de Investigación,CADS,Profesores,,,,,,
"Domínguez Granda, Luis",6505735502,Director,ESPOL,Centros de Investigación,CADS,Profesores,,,,,,
"Matamoros, David E.",12141256000,,ESPOL,Centros de Investigación,CADS,Profesores,,,,,,
"Nolivos-Alvarez, Indira",55184033800,,ESPOL,Centros de Investigación,CADS,Profesores,,,,,,
"Narea, Rebeca Nathaly Parra",57209024188,,ESPOL,Centros de Investigación,CADS,Técnicos de investigación,,,,,,
"Agurto, Gabriela",57209882380,,ESPOL,Centros de Investigación,CENAIM,Analistas de investigación,,,,,,
"Andrade, Betsy",57205596040,,ESPOL,Centros de Investigación,CENAIM,Analistas de investigación,,,,,,
"Betancourt, Irma",14830267400,,ESPOL,Centros de Investigación,CENAIM,Analistas de investigación,,,,,,
"Dom&amp;#237;nguez-Borbor, Crist&amp;#243;bal",57200542628,,ESPOL,Centros de Investigación,CENAIM,Analistas de investigación,,,,,,
"Panchana, Fanny A.",6504761406,,ESPOL,Centros de Investigación,CENAIM,Analistas de investigación,,,,,,
"Reinoso, Samira",57203752743,,ESPOL,Centros de Investigación,CENAIM,Analistas de investigación,,,,,,
"Rodríguez-Pesantes, Daniel",57197715657,,ESPOL,Centros de Investigación,CENAIM,Analistas de investigación,,,,,,
"Román, Rubén",23036537500,,ESPOL,Centros de Investigación,CENAIM,Analistas de investigación,,,,,,
"Tomalá, Cecilia",57208798666,,ESPOL,Centros de Investigación,CENAIM,Analistas de investigación,,,,,,
"Argüello-Guevara, W.",55445248900,,ESPOL,Centros de Investigación,CENAIM,Profesores,,,,,,
"Bayot, Bonny",6504224308,,ESPOL,Centros de Investigación,CENAIM,Profesores,,,,,,
"Marquez, Adrian",37665506700,,ESPOL,Centros de Investigación,CENAIM,Profesores,,,,,,
"Rodríguez, Jenny",7404697073,,ESPOL,Centros de Investigación,CENAIM,Profesores,,,,,,
"Sonnenholzner, Stanislaus",18438697500,,ESPOL,Centros de Investigación,CENAIM,Profesores,,,,,,
"Van Den Hende, Sofie",6504035501,,ESPOL,Centros de Investigación,CENAIM,Profesores,,,,,,
"Andrade, Elizabeth",57209890204,,ESPOL,Centros de Investigación,CENAIM,Técnicos de investigación,,,,,,
"Bajaña, Leandro",57202754219,,ESPOL,Centros de Investigación,CENAIM,Técnicos de investigación,,,,,,
"Bohórquez-Cruz, Milton",56461426500,,ESPOL,Centros de Investigación,CENAIM,Técnicos de investigación,,,,,,
"Chal&amp;#233;n, Bol&amp;#237;var E.",57204308431,,ESPOL,Centros de Investigación,CENAIM,Técnicos de investigación,,,,,,
"Guillén, Paúl O.",57193872491,,ESPOL,Centros de Investigación,CENAIM,Técnicos de investigación,,,,,,
"Reyes, Jessica Karina",57205611091,,ESPOL,Centros de Investigación,CENAIM,Técnicos de investigación,,,,,,
"Hidalgo-León, Rubén",57205878061,,ESPOL,Centros de Investigación,CERA,Analistas de investigación,,,,,,
"Litardo, Jaqueline",57205598187,,ESPOL,Centros de Investigación,CERA,Analistas de investigación,,,,,,
"Espinoza-Andaluz, Mayken",57221228898,,ESPOL,Centros de Investigación,CERA,Profesores,,,,,,
"Moreira, Cesar M.",34978993100,,ESPOL,Centros de Investigación,CERA,Profesores,,,,,,
"Soriano, Guillermo",24330258500,Director,ESPOL,Centros de Investigación,CERA,Profesores,,,,,,
"Barragán, Ana",57188747288,,ESPOL,Centros de Investigación,CIBE,Analistas de investigación,,,,,,
"Chávez-Navarrete, Tatiana Paola",57188977569,,ESPOL,Centros de Investigación,CIBE,Analistas de investigación,,,,,,
"Chóez-Guaranda, Ivan",57118333700,,ESPOL,Centros de Investigación,CIBE,Analistas de investigación,,,,,,
"Cornejo-Franco, Juan F.",57199854408,,ESPOL,Centros de Investigación,CIBE,Analistas de investigación,,,,,,
"Espinoza-Lozano, Rodrigo Fernando",57192191677,,ESPOL,Centros de Investigación,CIBE,Analistas de investigación,,,,,,
"Maridueña-Zavala, María Gabriela",56118670300,,ESPOL,Centros de Investigación,CIBE,Analistas de investigación,,,,,,
"Monserrate-Maggi, Lorena",57211075762,,ESPOL,Centros de Investigación,CIBE,Analistas de investigación,,,,,,
"Naranjo-Morán, Jaime",57216628471,,ESPOL,Centros de Investigación,CIBE,Analistas de investigación,,,,,,
"Onofre, Jose Garcia",57216625188,,ESPOL,Centros de Investigación,CIBE,Analistas de investigación,,,,,,
"Pacheco Coello, Ricardo",57188976620,,ESPOL,Centros de Investigación,CIBE,Analistas de investigación,,,,,,
"Quevedo, Adela",57208665744,,ESPOL,Centros de Investigación,CIBE,Analistas de investigación,,,,,,
"Serrano, Lizette",57208675201,,ESPOL,Centros de Investigación,CIBE,Analistas de investigación,,,,,,
"Vargas, J.",56223964000,,ESPOL,Centros de Investigación,CIBE,Analistas de investigación,,,,,,
"Vera, Marcos",57220206122,,ESPOL,Centros de Investigación,CIBE,Analistas de investigación,,,,,,
"Villao, Liliana",57188986962,,ESPOL,Centros de Investigación,CIBE,Analistas de investigación,,,,,,
"Villavicencio-Vásquez, Mirian Elizabeth",57192254346,,ESPOL,Centros de Investigación,CIBE,Analistas de investigación,,,,,,
"Barcos-Arias, Milton Senen",57203656643,,ESPOL,Centros de Investigación,CIBE,Profesores,,,,,,
"Bonilla Jaime, Julio Andr&amp;#233;s",57211376405,,ESPOL,Centros de Investigación,CIBE,Profesores,,,,,,
"Cevallos-Cevallos, Juan Manuel",26632840200,,ESPOL,Centros de Investigación,CIBE,Profesores,,,,,,
"Chong, Pablo",57200597590,,ESPOL,Centros de Investigación,CIBE,Profesores,,,,,,
"Coronel, Jonathan R.",56538670900,,ESPOL,Centros de Investigación,CIBE,Profesores,,,,,,
"Díez, Nardy",6602146972,,ESPOL,Centros de Investigación,CIBE,Profesores,,,,,,
"Magdama, Freddy",57208673500,,ESPOL,Centros de Investigación,CIBE,Profesores,,,,,,
"Manzano, Patricia",55619354500,,ESPOL,Centros de Investigación,CIBE,Profesores,,,,,,
"Quito-Avila, Diego F.",36706565100,,ESPOL,Centros de Investigación,CIBE,Profesores,,,,,,
"Santos-Ordóñez, E.",57219913136,,ESPOL,Centros de Investigación,CIBE,Profesores,,,,,,
"Sosa, Daynet",57191692739,,ESPOL,Centros de Investigación,CIBE,Profesores,,,,,,
"Sánchez Timm, Eduardo",55774563900,,ESPOL,Centros de Investigación,CIBE,Profesores,,,,,,
"Hidalgo, L.",57213780935,,ESPOL,Centros de Investigación,CIBE,Técnicos de investigación,,,,,,
"Oviedo-Anchundia, Rodrigo",57215060709,,ESPOL,Centros de Investigación,CIBE,Técnicos de investigación,,,,,,
"Charco, Jorge L.",57208394659,,ESPOL,Centros de Investigación,CIDIS,Doctorando,,,,,,
"Jácome-Galarza, Luis Roberto",57221707393,,ESPOL,Centros de Investigación,CIDIS,Doctorando,,,,,,
"Rivadeneira, Rafael E.",57210803558,,ESPOL,Centros de Investigación,CIDIS,Doctorando,,,,,,
"Su&amp;#225;rez, Patricia L.",57194765069,,ESPOL,Centros de Investigación,CIDIS,Investigadores CIDIS,,,,,,
"Agila, W.",8905693300,,ESPOL,Centros de Investigación,CIDIS,Profesores,,,,,,
"Paillacho, Dennys",56084736200,,ESPOL,Centros de Investigación,CIDIS,Profesores,,,,,,
"Realpe, Miguel",23393955200,,ESPOL,Centros de Investigación,CIDIS,Profesores,,,,,,
"Rivadeneira, Rafael E.",57210803558,,ESPOL,Centros de Investigación,CIDIS,Profesores,,,,,,
"Sappa, A. D.",6603014642,,ESPOL,Centros de Investigación,CIDIS,Profesores,,,,,,
"Vintimilla, Boris X.",6507077933,,ESPOL,Centros de Investigación,CIDIS,Profesores,,,,,,
"Paillacho, Jonathan",57215835311,,ESPOL,Centros de Investigación,CIDIS,Técnicos de investigación,,,,,,
"Velesaca, Henry O.",57216456457,,ESPOL,Centros de Investigación,CIDIS,Técnicos de investigación,,,,,,
"Atencio, Reinaldo",55880919000,,ESPOL,Centros de Investigación,CIDNA,Profesores,,,,,,
"Baykara, Haci",9244086100,,ESPOL,Centros de Investigación,CIDNA,Profesores,,,,,,
"Cornejo, Mauricio Heriberto",13609120800,,ESPOL,Centros de Investigación,CIDNA,Profesores,,,,,,
"Iza, P.",12144062100,,ESPOL,Centros de Investigación,CIDNA,Profesores,,,,,,
"Rigail-Cedeño, Andrés",8905349600,,ESPOL,Centros de Investigación,CIDNA,Profesores,,,,,,
"Caceres, Julio",57210820496,,ESPOL,Centros de Investigación,CIDNA,Técnicos de investigación,,,,,,
"Altamirano, Luis M.",57202863855,,ESPOL,Centros de Investigación,CIP-RRD,Profesores,,,,,,
"Arias-Hidalgo, Mijail",36493874100,,ESPOL,Centros de Investigación,CIP-RRD,Profesores,,,,,,
"Asencio, Jose Luis",57217245534,,ESPOL,Centros de Investigación,CIP-RRD,Profesores,,,,,,
"Borbor, Mercy Cordova",57200165308,,ESPOL,Centros de Investigación,CIP-RRD,Profesores,,,,,,
"Cedeño, Jonathan",57220067487,,ESPOL,Centros de Investigación,CIP-RRD,Profesores,,,,,,
"Cornejo-Rodriguez, Maria del Pilar",57189254420,,ESPOL,Centros de Investigación,CIP-RRD,Profesores,,,,,,
"Matamoros, David E.",12141256000,,ESPOL,Centros de Investigación,CIP-RRD,Profesores,,,,,,
"Nolivos-Alvarez, Indira",55184033800,,ESPOL,Centros de Investigación,CIP-RRD,Profesores,,,,,,
"Carrión Mero, Paúl C.C.M.",57208038096,,ESPOL,Centros de Investigación,CIPAT,Profesores,,,,,,
"Morante, Fernando E.",23568713200,,ESPOL,Centros de Investigación,CIPAT,Profesores,,,,,,
"Aguilar-Aguilar, Maribel",57212500505,,ESPOL,Centros de Investigación,CIPAT,Técnicos de investigación,,,,,,
"Briones Bitar, Josué",57212500382,,ESPOL,Centros de Investigación,CIPAT,Técnicos de investigación,,,,,,
"Montalvan-Burbano, Nestor",57210814655,,ESPOL,Centros de Investigación,CIPAT,Técnicos de investigación,,,,,,
"Cobos, Richard",57210564279,,ESPOL,Centros de Investigación,CTI,Investigadores CTI,,,,,,
"Hernandez, Jefferson",57204636807,,ESPOL,Centros de Investigación,CTI,Investigadores CTI,,,,,,
"Abad, Andres G.",55965684700,,ESPOL,Centros de Investigación,CTI,Profesores,,,,,,
"Dom&amp;#237;nguez, Federico",8338734700,CTI,ESPOL,Centros de Investigación,CTI,Profesores,,,,,,
"Estrada, Rebeca L.",55548968500,CTI,ESPOL,Centros de Investigación,CTI,Profesores,,,,,,
"Méndez, Gonzalo Gabriel",56725883600,CTI,ESPOL,Centros de Investigación,CTI,Profesores,,,,,,
"Campana, Fernando",57201684094,CTI,ESPOL,Centros de Investigación,CTI,Técnicos de investigación,,,,,,
"Castells, James",56452734900,,ESPOL,Centros de Investigación,CTI,Técnicos de investigación,,,,,,
"Eras, Leonardo",36058820600,,ESPOL,Centros de Investigación,CTI,Técnicos de investigación,,,,,,
"Irving, Valeriano C.",57190838247,,ESPOL,Centros de Investigación,CTI,Técnicos de investigación,,,,,,
"Jimenez, Alberto",57205866252,,ESPOL,Centros de Investigación,CTI,Técnicos de investigación,,,,,,
"Martinez, Caril",57221300061,,ESPOL,Centros de Investigación,CTI,Técnicos de investigación,,,,,,
"Ortiz-Rojas, Margarita",57188760691,CTI,ESPOL,Centros de Investigación,CTI,Técnicos de investigación,,,,,,
"Amaya Rivas, Adriana Andrea",57194024256,,ESPOL,Unidades Académicas,ESPAE,,,,,,,
"Bustamante, Juan Carlos",57202689227,,ESPOL,Unidades Académicas,ESPAE,,,,,,,
"Castillo, María José",24461218700,,ESPOL,Unidades Académicas,ESPAE,,,,,,,
"Domínguez-Andrade, Juan Manuel",57194599642,,ESPOL,Unidades Académicas,ESPAE,,,,,,,
"Granda, María",57216641341,,ESPOL,Unidades Académicas,ESPAE,,,,,,,
"Morello, Maria Virginia Lasio",57200043548,,ESPOL,Unidades Académicas,ESPAE,,,,,,,
"Ordeñana, Xavier",55961691000,,ESPOL,Unidades Académicas,ESPAE,,,,,,,
"Rodriguez, Jorge A.",56316997000,,ESPOL,Unidades Académicas,ESPAE,,,,,,,
"Wong, Sara A.",7404590678,,ESPOL,Unidades Académicas,ESPAE,,,,,,,
"Bouhaben, Miguel Alfonso",56584400000,,ESPOL,Unidades Académicas,FADCOM,,,,,,,
"De Lourdes Pilay, María",57216874692,,ESPOL,Unidades Académicas,FADCOM,,,,,,,
"Del Pino Espinoza, Ariana Daniela",57193533197,,ESPOL,Unidades Académicas,FADCOM,,,,,,,
"Matovelle Villamar, Ruth",57193527691,,ESPOL,Unidades Académicas,FADCOM,,,,,,,
"Polo Blanco, Jorge",57210897813,,ESPOL,Unidades Académicas,FADCOM,,,,,,,
"Solorzano, Nayeth I.",57192008773,,ESPOL,Unidades Académicas,FADCOM,,,,,,,
"Ulloa-López, Paola",57203861927,,ESPOL,Unidades Académicas,FADCOM,,,,,,,
"Almeida-Guerra, Paola",7801582875,,ESPOL,Unidades Académicas,FCNM,,,,,,,
"Angulo, Wilfredo",57219451144,,ESPOL,Unidades Académicas,FCNM,,,,,,,
"Apolo, H?ctor I.",57211356922,,ESPOL,Unidades Académicas,FCNM,,,,,,,
"Aponte, Elvis",35279454600,,ESPOL,Unidades Académicas,FCNM,,,,,,,
"Aponte, J.",57220475352,,ESPOL,Unidades Académicas,FCNM,,,,,,,
"Atencio, Reinaldo",55880919000,,ESPOL,Unidades Académicas,FCNM,,,,,,,
"Barreiro, Carlos Manuel Martín",57219733203,,ESPOL,Unidades Académicas,FCNM,,,,,,,
"Bauz-Olvera, Sergio A.",57204286989,,ESPOL,Unidades Académicas,FCNM,,,,,,,
"Bracamonte, Mireya",56046511200,,ESPOL,Unidades Académicas,FCNM,,,,,,,
"Cevallos-Valdiviezo, Holger",56595230300,,ESPOL,Unidades Académicas,FCNM,,,,,,,
"Chong, Antonio S.E.",57193308677,,ESPOL,Unidades Académicas,FCNM,,,,,,,
"Cárdenas-Escobar, Nadia",57211353875,,ESPOL,Unidades Académicas,FCNM,,,,,,,
"Del Rosario, Edison",57193238379,,ESPOL,Unidades Académicas,FCNM,,,,,,,
"Domínguez Granda, Luis",6505735502,Director,ESPOL,Unidades Académicas,FCNM,,,,,,,
"Flores, Francisca",57195837575,,ESPOL,Unidades Académicas,FCNM,,,,,,,
"Galarza, Christian E.",57147632900,,ESPOL,Unidades Académicas,FCNM,,,,,,,
"Garc?a-Bustos, Sandra",55553022100,,ESPOL,Unidades Académicas,FCNM,,,,,,,
"González, Y. K.",57218539543,,ESPOL,Unidades Académicas,FCNM,,,,,,,
"Iza, P.",12144062100,,ESPOL,Unidades Académicas,FCNM,,,,,,,
"López, Alexander",15822529800,,ESPOL,Unidades Académicas,FCNM,,,,,,,
"Marchan, Luz Elimar",55256270300,,ESPOL,Unidades Académicas,FCNM,,,,,,,
"Marquez, Adrian",37665506700,,ESPOL,Unidades Académicas,FCNM,,,,,,,
"Matamoros, David E.",12141256000,,ESPOL,Unidades Académicas,FCNM,,,,,,,
"Mejias, Luis Fernando",8350583300,,ESPOL,Unidades Académicas,FCNM,,,,,,,
"Miranda-Martínez, Migdalia",13609120800,,ESPOL,Unidades Académicas,FCNM,,,,,,,
"Morante, Fernando E.",23568713200,,ESPOL,Unidades Académicas,FCNM,,,,,,,
"Pambabay-Calero, Johny J.",57204282340,,ESPOL,Unidades Académicas,FCNM,,,,,,,
"Pastuizaca Fern&amp;#225;ndez, Mar&amp;#237;a Nela",56433672500,,ESPOL,Unidades Académicas,FCNM,,,,,,,
"Páez Chávez, Joseph",57203173715,,ESPOL,Unidades Académicas,FCNM,,,,,,,
"Pérez, Liliana",51864408100,,ESPOL,Unidades Académicas,FCNM,,,,,,,
"Quiroz, Domingo",8715862300,,ESPOL,Unidades Académicas,FCNM,,,,,,,
"Salas, Santiago D.",57132394000,,ESPOL,Unidades Académicas,FCNM,,,,,,,
"Silva, Pedro",7203089029,,ESPOL,Unidades Académicas,FCNM,,,,,,,
"Tinoco, Diana L.",57115228200,,ESPOL,Unidades Académicas,FCNM,,,,,,,
"Velasco-Galarza, V?ctor",57211136169,,ESPOL,Unidades Académicas,FCNM,,,,,,,
"Vera, Francisco",57188825789,,ESPOL,Unidades Académicas,FCNM,,,,,,,
"Vera, Jose Manuel",57188825789,,ESPOL,Unidades Académicas,FCNM,,,,,,,
"Vielma, Jorge",11739250600,,ESPOL,Unidades Académicas,FCNM,,,,,,,
"de Cecchis, Dany",26025935500,,ESPOL,Unidades Académicas,FCNM,,,,,,,
"de Lourdes Mendoza, Ma",56572784400,,ESPOL,Unidades Académicas,FCNM,,,,,,,
"Barriga, Holger Raul",57201854476,,ESPOL,Unidades Académicas,FCSH,,,,,,,
"Bustamante, José M.",57204844068,,ESPOL,Unidades Académicas,FCSH,,,,,,,
"Campoverde, Ronald",57211356171,,ESPOL,Unidades Académicas,FCSH,,,,,,,
"Carvache-Franco, Wilmer",57194655663,,ESPOL,Unidades Académicas,FCSH,,,,,,,
"Castillo, José Gabriel Gabriel",57214066569,,ESPOL,Unidades Académicas,FCSH,,,,,,,
"Constantine-Castro, Angelo R.",57021918500,,ESPOL,Unidades Académicas,FCSH,,,,,,,
"Espinel, Ramón L.",6506640774,,ESPOL,Unidades Académicas,FCSH,,,,,,,
"Espinoza, Nereyda",57209436859,,ESPOL,Unidades Académicas,FCSH,,,,,,,
"Gavilanes, Julio",57200691311,,ESPOL,Unidades Académicas,FCSH,,,,,,,
"González, Víctor Hugo",57200794830,,ESPOL,Unidades Académicas,FCSH,,,,,,,
"Macías, Washington",57196475106,,ESPOL,Unidades Académicas,FCSH,,,,,,,
"Maluk Uriguen, Silvia Amira",57214136857,,ESPOL,Unidades Académicas,FCSH,,,,,,,
"Marcos, Jorge G.",57191885109,,ESPOL,Unidades Académicas,FCSH,,,,,,,
"Miguel Ruiz, M.",57211658271,,ESPOL,Unidades Académicas,FCSH,,,,,,,
"Mongeló, Guilherme Z.",40461869000,,ESPOL,Unidades Académicas,FCSH,,,,,,,
"Montoya Romero, Ma Elena",57218378468,,ESPOL,Unidades Académicas,FCSH,,,,,,,
"Méndez Prado, Silvia Mariela",57201256099,,ESPOL,Unidades Académicas,FCSH,,,,,,,
"Pécot, Mathias",57203511499,,ESPOL,Unidades Académicas,FCSH,,,,,,,
"Rhodes, Lauren A.",57216874311,,ESPOL,Unidades Académicas,FCSH,,,,,,,
"Rodriguez, Katia",57209714266,,ESPOL,Unidades Académicas,FCSH,,,,,,,
"Ruano, María Alejandra",57200013837,,ESPOL,Unidades Académicas,FCSH,,,,,,,
"Sabando-Vera, David",57200796168,,ESPOL,Unidades Académicas,FCSH,,,,,,,
"Sánchez, Gonzalo E.",57191962187,,ESPOL,Unidades Académicas,FCSH,,,,,,,
"Sánchez-Aragón, Leonardo",57194431560,,ESPOL,Unidades Académicas,FCSH,,,,,,,
"Villa-Cox, Gonzalo",55553169400,,ESPOL,Unidades Académicas,FCSH,,,,,,,
"Yonfá-Medranda, Marcela",57205759796,,ESPOL,Unidades Académicas,FCSH,,,,,,,
"Yoong-Parraga, Cristina",57216488438,,ESPOL,Unidades Académicas,FCSH,,,,,,,
"Zanzzi, Fabricio",56986512800,,ESPOL,Unidades Académicas,FCSH,,,,,,,
"Mendoza-Jiménez, María J.",57217651060,,ESPOL,Unidades Académicas,FCSH,Becarios FCSH,,,,,,
"Méndez Prado, Silvia Mariela",57201256099,,ESPOL,Unidades Académicas,FCSH,Becarios FCSH,,,,,,
"Nacipucha, David",57194336227,,ESPOL,Unidades Académicas,FCSH,Becarios FCSH,,,,,,
"Sanchez-Loor, Daniel A.",55898339000,,ESPOL,Unidades Académicas,FCSH,Becarios FCSH,,,,,,
"Torres-Naranjo, Mónica",57194415648,,ESPOL,Unidades Académicas,FCSH,Becarios FCSH,,,,,,
"Villa-Cox, Gonzalo",55553169400,,ESPOL,Unidades Académicas,FCSH,Becarios FCSH,,,,,,
"Castillo, José Gabriel Gabriel",57214066569,,ESPOL,Unidades Académicas,FCSH,CIEC,,,,,,
"Sánchez, Gonzalo E.",57191962187,,ESPOL,Unidades Académicas,FCSH,CIEC,,,,,,
"Yoong-Parraga, Cristina",57216488438,,ESPOL,Unidades Académicas,FCSH,CIEC,,,,,,
"Zhangallimbay, Donald J.",57211484538,,ESPOL,Unidades Académicas,FCSH,CIEC,,,,,,
"Alava, Eduardo I.",56491014700,,ESPOL,Unidades Académicas,FCV,,,,,,,
"Barcos-Arias, Milton Senen",57203656643,,ESPOL,Unidades Académicas,FCV,,,,,,,
"Bonilla Jaime, Julio Andr&amp;#233;s",57211376405,,ESPOL,Unidades Académicas,FCV,,,,,,,
"Calderón, Fernanda",57201850102,,ESPOL,Unidades Académicas,FCV,,,,,,,
"Calle, Paola",55668398900,,ESPOL,Unidades Académicas,FCV,,,,,,,
"Carvajal-Aldaz, Diana G.",57191904256,,ESPOL,Unidades Académicas,FCV,,,,,,,
"Castillo, María José",24461218700,,ESPOL,Unidades Académicas,FCV,,,,,,,
"Cevallos-Cevallos, Juan Manuel",26632840200,,ESPOL,Unidades Académicas,FCV,,,,,,,
"Chavez, Eduardo",37024168300,,ESPOL,Unidades Académicas,FCV,,,,,,,
"Chong, Pablo",57200597590,,ESPOL,Unidades Académicas,FCV,,,,,,,
"Cordeiro, Fernanda Bertuccez",55353001200,,ESPOL,Unidades Académicas,FCV,,,,,,,
"Cárdenas, Washington B.",57222014472,,ESPOL,Unidades Académicas,FCV,,,,,,,
"Domínguez, Gustavo A.",56022634500,,ESPOL,Unidades Académicas,FCV,,,,,,,
"Díez, Nardy",6602146972,,ESPOL,Unidades Académicas,FCV,,,,,,,
"Espinoza-Lozano, Lisbeth",57204142509,,ESPOL,Unidades Académicas,FCV,,,,,,,
"Galarza, L.",57221707393,,ESPOL,Unidades Académicas,FCV,,,,,,,
"Herrera, Paúl A.",16552255100,,ESPOL,Unidades Académicas,FCV,,,,,,,
"Jimenez-Feijoó, María Isabel",57217651060,,ESPOL,Unidades Académicas,FCV,,,,,,,
"Magdama, Freddy",57208673500,,ESPOL,Unidades Académicas,FCV,,,,,,,
"Manzano, Patricia",55619354500,,ESPOL,Unidades Académicas,FCV,,,,,,,
"Mendoza-Jiménez, María J.",57217651060,,ESPOL,Unidades Académicas,FCV,,,,,,,
"Montiel, M.",7005128835,,ESPOL,Unidades Académicas,FCV,,,,,,,
"Morales, Felix E.",36194228600,,ESPOL,Unidades Académicas,FCV,,,,,,,
"Orellana-Manzano, Andrea",37089380900,,ESPOL,Unidades Académicas,FCV,,,,,,,
"Piedrahita, Paolo",37026882700,,ESPOL,Unidades Académicas,FCV,,,,,,,
"Quito-Avila, Diego F.",36706565100,,ESPOL,Unidades Académicas,FCV,,,,,,,
"Ratti, M. F.",56014318600,,ESPOL,Unidades Académicas,FCV,,,,,,,
"Rodríguez, Jenny",7404697073,,ESPOL,Unidades Académicas,FCV,,,,,,,
"Ruiz-Barzola, Omar",57205271860,,ESPOL,Unidades Académicas,FCV,,,,,,,
"Ruíz, Edwin Rolando Jiménez",57208081632,,ESPOL,Unidades Académicas,FCV,,,,,,,
"Santos, Adriana",57201857436,,ESPOL,Unidades Académicas,FCV,,,,,,,
"Santos-Ordóñez, E.",57219913136,,ESPOL,Unidades Académicas,FCV,,,,,,,
"Sosa, Daynet",57191692739,,ESPOL,Unidades Académicas,FCV,,,,,,,
"Sánchez Timm, Eduardo",55774563900,,ESPOL,Unidades Académicas,FCV,,,,,,,
"Tirapé, Ana",8575128700,,ESPOL,Unidades Académicas,FCV,,,,,,,
"Van Den Hende, Sofie",6504035501,,ESPOL,Unidades Académicas,FCV,,,,,,,
"Villavicencio Burbano, Roberto Carlos",57193492404,,ESPOL,Unidades Académicas,FCV,,,,,,,
"Galarza-Villamar, Julissa Alexandra",57203951592,,ESPOL,Unidades Académicas,FCV,Becarios FCV,,,,,,
"Pontón Cevallos, José",57210445830,,ESPOL,Unidades Académicas,FCV,Becarios FCV,,,,,,
"Párraga-Lema, Cinthia Mariela",57201851010,,ESPOL,Unidades Académicas,FCV,Becarios FCV,,,,,,
"Riera-Ruiz, Carlos",56224082200,,ESPOL,Unidades Académicas,FCV,Becarios FCV,,,,,,
"Yockteng-Melgar, Jaime",57204674802,,ESPOL,Unidades Académicas,FCV,Becarios FCV,,,,,,
"Arcentales-Bastidas, Danilo",57211357202,,ESPOL,Unidades Académicas,FICT,,,,,,,
"Arias-Hidalgo, Mijail",36493874100,,ESPOL,Unidades Académicas,FICT,,,,,,,
"Bayona, Arnaldo",57220069289,,ESPOL,Unidades Académicas,FICT,,,,,,,
"Besenzon, Davide",57199715326,,ESPOL,Unidades Académicas,FICT,,,,,,,
"Carrión Mero, Paúl C.C.M.",57208038096,,ESPOL,Unidades Académicas,FICT,,,,,,,
"Egüez Álava, Hugo",7801444145,,ESPOL,Unidades Académicas,FICT,,,,,,,
"Escobar-Segovia, Kenny",57211353817,,ESPOL,Unidades Académicas,FICT,,,,,,,
"Garcés, Daniel",56648306100,,ESPOL,Unidades Académicas,FICT,,,,,,,
"Jiménez-Oyola, Samantha",57212627942,,ESPOL,Unidades Académicas,FICT,,,,,,,
"Larreta, Erwin",57210441550,,ESPOL,Unidades Académicas,FICT,,,,,,,
"Mendoza, Jorge S.",7102491752,,ESPOL,Unidades Académicas,FICT,,,,,,,
"Montenegro, Galo",56182643100,,ESPOL,Unidades Académicas,FICT,,,,,,,
"Montoya, Andrés Danilo Velástegui",57208080722,,ESPOL,Unidades Académicas,FICT,,,,,,,
"Mulas, Maurizio",55273568900,,ESPOL,Unidades Académicas,FICT,,,,,,,
"Peña-Carpio, Elizabeth",56662203300,,ESPOL,Unidades Académicas,FICT,,,,,,,
"Rodríguez, Carlos Raúl",57188682250,,ESPOL,Unidades Académicas,FICT,,,,,,,
"Rojas, Pedro",57206415452,,ESPOL,Unidades Académicas,FICT,,,,,,,
"Romero, Paola",57039020600,,ESPOL,Unidades Académicas,FICT,,,,,,,
"Sanclemente, Eddy",37073229000,,ESPOL,Unidades Académicas,FICT,,,,,,,
"Valverde, P.",57209340713,,ESPOL,Unidades Académicas,FICT,,,,,,,
"Vargas-Gutiérrez, Xavier",57211354393,,ESPOL,Unidades Académicas,FICT,,,,,,,
"Vitvar, Tomáš",14066709100,,ESPOL,Unidades Académicas,FICT,,,,,,,
"Anchundia, Johanna Zambrano",57204842623,,ESPOL,Unidades Académicas,FICT,Analistas,,,,,,
"Pincay, W.",57211353222,,ESPOL,Unidades Académicas,FICT,Analistas,,,,,,
"Vilela, Paulina",57201394172,,ESPOL,Unidades Académicas,FICT,Becarios FICT,,,,,,
"Abad, Cristina L.",22957218500,,ESPOL,Unidades Académicas,FIEC,,,,,,,
"Agila, W.",8905693300,,ESPOL,Unidades Académicas,FIEC,,,,,,,
"Alejandro Molina, Otilia Maria",57220185359,,ESPOL,Unidades Académicas,FIEC,,,,,,,
"Alvarez, María Antonieta",56810259400,,ESPOL,Unidades Académicas,FIEC,,,,,,,
"Alvarez-Alvarado, Manuel S.",57193225079,,ESPOL,Unidades Académicas,FIEC,,,,,,,
"Arreaga, Nestor X.",57201854391,,ESPOL,Unidades Académicas,FIEC,,,,,,,
"Asanza, Victor",57192640451,,ESPOL,Unidades Académicas,FIEC,,,,,,,
"Asencio, Jose Luis",57217245534,,ESPOL,Unidades Académicas,FIEC,,,,,,,
"Avendaño, Allan",56452824600,,ESPOL,Unidades Académicas,FIEC,,,,,,,
"Aviles, Juan C.",57191971070,,ESPOL,Unidades Académicas,FIEC,,,,,,,
"Bonilla, Rafael I.",57197990664,,ESPOL,Unidades Académicas,FIEC,,,,,,,
"Cedeno-Mieles, Vanessa",57204816708,,ESPOL,Unidades Académicas,FIEC,,,,,,,
"Cevallos-Valdiviezo, Holger",56595230300,,ESPOL,Unidades Académicas,FIEC,,,,,,,
"Chavez-Burbano, Patricia",55933475000,,ESPOL,Unidades Académicas,FIEC,,,,,,,
"Chiluiza, Katherine",55975399800,,ESPOL,Unidades Académicas,FIEC,,,,,,,
"Collaguazo Jaramillo, Adriana",57209481490,,ESPOL,Unidades Académicas,FIEC,,,,,,,
"Cordova, Jimmy",57215833527,,ESPOL,Unidades Académicas,FIEC,,,,,,,
"Cordova-Garcia, Jose",57193746327,,ESPOL,Unidades Académicas,FIEC,,,,,,,
"Cortez, Dennys D.",57209911972,,ESPOL,Unidades Académicas,FIEC,,,,,,,
"Criollo, Ronald",57191225167,,ESPOL,Unidades Académicas,FIEC,,,,,,,
"Cruz, Eduardo",57207568864,,ESPOL,Unidades Académicas,FIEC,,,,,,,
"Dom&amp;#237;nguez, Federico",8338734700,CTI,ESPOL,Unidades Académicas,FIEC,,,,,,,
"Echeverria, Vanessa",56016639400,,ESPOL,Unidades Académicas,FIEC,,,,,,,
"Endara, Iván",57201686236,,ESPOL,Unidades Académicas,FIEC,,,,,,,
"Espinal, Albert",57211387582,,ESPOL,Unidades Académicas,FIEC,,,,,,,
"Estrada, Rebeca L.",55548968500,CTI,ESPOL,Unidades Académicas,FIEC,,,,,,,
"Falcones, Sixifo",36023483900,,ESPOL,Unidades Académicas,FIEC,,,,,,,
"Garcia, J.",57220937732,,ESPOL,Unidades Académicas,FIEC,,,,,,,
"Herrera, Efrén V.",57205126477,,ESPOL,Unidades Académicas,FIEC,,,,,,,
"Izquierdo, Edgar",38761337600,,ESPOL,Unidades Académicas,FIEC,,,,,,,
"Luzardo, Gonzalo",55976123500,,ESPOL,Unidades Académicas,FIEC,,,,,,,
"Magallanes, Jorge",57204396161,,ESPOL,Unidades Académicas,FIEC,,,,,,,
"Marin-Garcia, Ignacio",26633930600,,ESPOL,Unidades Académicas,FIEC,,,,,,,
"Martín, César A.",55483457600,,ESPOL,Unidades Académicas,FIEC,,,,,,,
"Medina, Washington",57189027020,,ESPOL,Unidades Académicas,FIEC,,,,,,,
"Mendoza, Luís Eduardo",7006043079,,ESPOL,Unidades Académicas,FIEC,,,,,,,
"Mera-Gómez, Carlos",57192917757,,ESPOL,Unidades Académicas,FIEC,,,,,,,
"Monsalve, Carlos",36240865700,,ESPOL,Unidades Académicas,FIEC,,,,,,,
"Méndez, Gonzalo Gabriel",56725883600,CTI,ESPOL,Unidades Académicas,FIEC,,,,,,,
"Novillo, Francisco",26649094500,,ESPOL,Unidades Académicas,FIEC,,,,,,,
"Núñez, Alfredo",57202943011,,ESPOL,Unidades Académicas,FIEC,,,,,,,
"Ochoa, Daniel",36795354300,,ESPOL,Unidades Académicas,FIEC,,,,,,,
"Paillacho, Dennys",56084736200,,ESPOL,Unidades Académicas,FIEC,,,,,,,
"Peláez, Enrique",57216318428,,ESPOL,Unidades Académicas,FIEC,,,,,,,
"Plaza, Douglas Antonio",24829599200,,ESPOL,Unidades Académicas,FIEC,,,,,,,
"Quelal, Rosa E.",57202791799,,ESPOL,Unidades Académicas,FIEC,,,,,,,
"Ramos, Boris",34168263700,,ESPOL,Unidades Académicas,FIEC,,,,,,,
"Realpe, Miguel",23393955200,,ESPOL,Unidades Académicas,FIEC,,,,,,,
"Recalde, Angel Andres",57191481718,,ESPOL,Unidades Académicas,FIEC,,,,,,,
"Rengifo, Johnny",55803843500,,ESPOL,Unidades Académicas,FIEC,,,,,,,
"Rios Orellana, Sara Judith",57220591147,,ESPOL,Unidades Académicas,FIEC,,,,,,,
"Rivadeneira, Rafael E.",57210803558,,ESPOL,Unidades Académicas,FIEC,,,,,,,
"Rubio, Gomer A.",57205583681,,ESPOL,Unidades Académicas,FIEC,,,,,,,
"Salazar, Carlos A.",57192643923,,ESPOL,Unidades Académicas,FIEC,,,,,,,
"Sanchez Padilla, Vladimir",57223029085,,ESPOL,Unidades Académicas,FIEC,,,,,,,
"Sappa, A. D.",6603014642,,ESPOL,Unidades Académicas,FIEC,,,,,,,
"Tapia-Rosero, Ana",55867179100,,ESPOL,Unidades Académicas,FIEC,,,,,,,
"Tibau, Javier",56779975500,,ESPOL,Unidades Académicas,FIEC,,,,,,,
"Torres, R. Miguel A.",57206660598,,ESPOL,Unidades Académicas,FIEC,,,,,,,
"Urquizo, Javier",56587876500,,ESPOL,Unidades Académicas,FIEC,,,,,,,
"Vaca, Carmen",57201576771,,ESPOL,Unidades Académicas,FIEC,,,,,,,
"Vaca-Benavides, David Alejandro",57203634772,,ESPOL,Unidades Académicas,FIEC,,,,,,,
"Vargas, German R.",36631075000,,ESPOL,Unidades Académicas,FIEC,,,,,,,
"Velásquez, Washington",57203744720,,ESPOL,Unidades Académicas,FIEC,,,,,,,
"Villavicencio, Monica",54914547100,,ESPOL,Unidades Académicas,FIEC,,,,,,,
"Vintimilla, Boris X.",6507077933,,ESPOL,Unidades Académicas,FIEC,,,,,,,
"Wong-Villacrés, Marisol",39062324300,,ESPOL,Unidades Académicas,FIEC,,,,,,,
"Alvarez-Alvarado, Manuel S.",57193225079,,ESPOL,Unidades Académicas,FIEC,Becarios FIEC,,,,,,
"Añazco, Edwin Valarezo",57196190020,,ESPOL,Unidades Académicas,FIEC,Becarios FIEC,,,,,,
"Cajo, Ricardo",57148422200,,ESPOL,Unidades Académicas,FIEC,Becarios FIEC,,,,,,
"Cevallos-Valdiviezo, Holger",56595230300,,ESPOL,Unidades Académicas,FIEC,Becarios FIEC,,,,,,
"Echeverria, Vanessa",56016639400,,ESPOL,Unidades Académicas,FIEC,Becarios FIEC,,,,,,
"Espinal, Albert",57211387582,,ESPOL,Unidades Académicas,FIEC,Becarios FIEC,,,,,,
"Galarza, Christian E.",57147632900,,ESPOL,Unidades Académicas,FIEC,Becarios FIEC,,,,,,
"Guarochico-Moreira, Víctor H.",57200414518,,ESPOL,Unidades Académicas,FIEC,Becarios FIEC,,,,,,
"Gómez, Jorge",57189024928,,ESPOL,Unidades Académicas,FIEC,Becarios FIEC,,,,,,
"Herrera, Efrén V.",57205126477,,ESPOL,Unidades Académicas,FIEC,Becarios FIEC,,,,,,
"Luzardo, Gonzalo",55976123500,,ESPOL,Unidades Académicas,FIEC,Becarios FIEC,,,,,,
"Medina, Washington",57189027020,,ESPOL,Unidades Académicas,FIEC,Becarios FIEC,,,,,,
"Ortega, Andre P.",35218059800,,ESPOL,Unidades Académicas,FIEC,Becarios FIEC,,,,,,
"Recalde, Angel Andres",57191481718,,ESPOL,Unidades Académicas,FIEC,Becarios FIEC,,,,,,
"Rios Orellana, Sara Judith",57220591147,,ESPOL,Unidades Académicas,FIEC,Becarios FIEC,,,,,,
"Rodríguez, Jorge",57204717075,,ESPOL,Unidades Académicas,FIEC,Becarios FIEC,,,,,,
"Salazar, Carlos A.",57192643923,,ESPOL,Unidades Académicas,FIEC,Becarios FIEC,,,,,,
"Suárez, Carlos Aníbal",57214464475,,ESPOL,Unidades Académicas,FIEC,Becarios FIEC,,,,,,
"Valdivieso, Carlos",56891368300,,ESPOL,Unidades Académicas,FIEC,Becarios FIEC,,,,,,
"Wong-Villacrés, Marisol",39062324300,,ESPOL,Unidades Académicas,FIEC,Becarios FIEC,,,,,,
"Yánez-Pazmiño, Wendy",57193812485,,ESPOL,Unidades Académicas,FIEC,Becarios FIEC,,,,,,
"Abad, Cristina L.",22957218500,,ESPOL,Unidades Académicas,FIEC,CVR,,,,,,
"Collaguazo Jaramillo, Adriana",57209481490,,ESPOL,Unidades Académicas,FIEC,CVR,,,,,,
"Criollo, Ronald",57191225167,,ESPOL,Unidades Académicas,FIEC,CVR,,,,,,
"Cruz, Eduardo",57207568864,,ESPOL,Unidades Académicas,FIEC,CVR,,,,,,
"Magallanes, Jorge",57204396161,,ESPOL,Unidades Académicas,FIEC,CVR,,,,,,
"Ochoa, Daniel",36795354300,,ESPOL,Unidades Académicas,FIEC,CVR,,,,,,
"Plaza, Douglas Antonio",24829599200,,ESPOL,Unidades Académicas,FIEC,CVR,,,,,,
"Torres, Johnny",57189465593,,ESPOL,Unidades Académicas,FIEC,CVR,,,,,,
"Vaca, Carmen",57201576771,,ESPOL,Unidades Académicas,FIEC,CVR,,,,,,
"Villavicencio, Monica",54914547100,,ESPOL,Unidades Académicas,FIEC,CVR,,,,,,
"Asanza, Victor",57192640451,,ESPOL,Unidades Académicas,FIEC,Estudiantes de posgrado,2019,Doctorado,Doctorado en Ciencias Computacionales Aplicadas,,,
"Boza, Edwin F.",57196238001,,ESPOL,Unidades Académicas,FIEC,Estudiantes de posgrado,2019,Doctorado,Doctorado en Ciencias Computacionales Aplicadas,,,
"Chal&amp;#233;n, Marjorie",57201590212,,ESPOL,Unidades Académicas,FIEC,Estudiantes de posgrado,2019,Doctorado,Doctorado en Ciencias Computacionales Aplicadas,,,
"Charco, Jorge L.",57208394659,,ESPOL,Unidades Académicas,FIEC,Estudiantes de posgrado,2019,Doctorado,Doctorado en Ciencias Computacionales Aplicadas,,,
"Cruz, Eduardo",57207568864,,ESPOL,Unidades Académicas,FIEC,Estudiantes de posgrado,2019,Doctorado,Doctorado en Ciencias Computacionales Aplicadas,,,
"Fiallos, Angel",57195288805,,ESPOL,Unidades Académicas,FIEC,Estudiantes de posgrado,2019,Doctorado,Doctorado en Ciencias Computacionales Aplicadas,,,
"García Plúa, Juan Carlos",55757784126,,ESPOL,Unidades Académicas,FIEC,Estudiantes de posgrado,2019,Doctorado,Doctorado en Ciencias Computacionales Aplicadas,,,
"Magallanes, Jorge",57204396161,,ESPOL,Unidades Académicas,FIEC,Estudiantes de posgrado,2019,Doctorado,Doctorado en Ciencias Computacionales Aplicadas,,,
"Mendieta, Milton V.",57201689568,,ESPOL,Unidades Académicas,FIEC,Estudiantes de posgrado,2019,Doctorado,Doctorado en Ciencias Computacionales Aplicadas,,,
"Merchan, Freddy",57215834942,,ESPOL,Unidades Académicas,FIEC,Estudiantes de posgrado,2019,Doctorado,Doctorado en Ciencias Computacionales Aplicadas,,,
"Quelal, Rosa E.",57202791799,,ESPOL,Unidades Académicas,FIEC,Estudiantes de posgrado,2019,Doctorado,Doctorado en Ciencias Computacionales Aplicadas,,,
"Quevedo, Sebastian",57215834187,,ESPOL,Unidades Académicas,FIEC,Estudiantes de posgrado,2019,Doctorado,Doctorado en Ciencias Computacionales Aplicadas,,,
"Rivadeneira, Rafael E.",57210803558,,ESPOL,Unidades Académicas,FIEC,Estudiantes de posgrado,2019,Doctorado,Doctorado en Ciencias Computacionales Aplicadas,,,
"Sornoza, Lissenia I.",57217198557,,ESPOL,Unidades Académicas,FIEC,Estudiantes de posgrado,2019,Doctorado,Doctorado en Ciencias Computacionales Aplicadas,,,
"Su&amp;#225;rez, Patricia L.",57194765069,,ESPOL,Unidades Académicas,FIEC,Estudiantes de posgrado,2019,Doctorado,Doctorado en Ciencias Computacionales Aplicadas,,,
"Torres, Johnny",57189465593,,ESPOL,Unidades Académicas,FIEC,Estudiantes de posgrado,2019,Doctorado,Doctorado en Ciencias Computacionales Aplicadas,,,
"Cortez, Dennys D.",57209911972,,ESPOL,Unidades Académicas,FIEC,Estudiantes de posgrado,2020,Doctorado,DOCTORADO EN INGENIERÍA ELÉCTRICA,,,
"Asanza, Victor",57192640451,,ESPOL,Unidades Académicas,FIEC,Estudiantes de posgrado,2020,Doctorado,Doctorado en Ciencias Computacionales Aplicadas,,,
"Boza, Edwin F.",57196238001,,ESPOL,Unidades Académicas,FIEC,Estudiantes de posgrado,2020,Doctorado,Doctorado en Ciencias Computacionales Aplicadas,,,
"Chal&amp;#233;n, Marjorie",57201590212,,ESPOL,Unidades Académicas,FIEC,Estudiantes de posgrado,2020,Doctorado,Doctorado en Ciencias Computacionales Aplicadas,,,
"Charco, Jorge L.",57208394659,,ESPOL,Unidades Académicas,FIEC,Estudiantes de posgrado,2020,Doctorado,Doctorado en Ciencias Computacionales Aplicadas,,,
"Cruz, Eduardo",57207568864,,ESPOL,Unidades Académicas,FIEC,Estudiantes de posgrado,2020,Doctorado,Doctorado en Ciencias Computacionales Aplicadas,,,
"Fiallos, Angel",57195288805,,ESPOL,Unidades Académicas,FIEC,Estudiantes de posgrado,2020,Doctorado,Doctorado en Ciencias Computacionales Aplicadas,,,
"García Plúa, Juan Carlos",55757784126,,ESPOL,Unidades Académicas,FIEC,Estudiantes de posgrado,2020,Doctorado,Doctorado en Ciencias Computacionales Aplicadas,,,
"Magallanes, Jorge",57204396161,,ESPOL,Unidades Académicas,FIEC,Estudiantes de posgrado,2020,Doctorado,Doctorado en Ciencias Computacionales Aplicadas,,,
"Merchan, Freddy",57215834942,,ESPOL,Unidades Académicas,FIEC,Estudiantes de posgrado,2020,Doctorado,Doctorado en Ciencias Computacionales Aplicadas,,,
"Quevedo, Sebastian",57215834187,,ESPOL,Unidades Académicas,FIEC,Estudiantes de posgrado,2020,Doctorado,Doctorado en Ciencias Computacionales Aplicadas,,,
"Rivadeneira, Rafael E.",57210803558,,ESPOL,Unidades Académicas,FIEC,Estudiantes de posgrado,2020,Doctorado,Doctorado en Ciencias Computacionales Aplicadas,,,
"Sornoza, Lissenia I.",57217198557,,ESPOL,Unidades Académicas,FIEC,Estudiantes de posgrado,2020,Doctorado,Doctorado en Ciencias Computacionales Aplicadas,,,
"Su&amp;#225;rez, Patricia L.",57194765069,,ESPOL,Unidades Académicas,FIEC,Estudiantes de posgrado,2020,Doctorado,Doctorado en Ciencias Computacionales Aplicadas,,,
"Torres, Johnny",57189465593,,ESPOL,Unidades Académicas,FIEC,Estudiantes de posgrado,2020,Doctorado,Doctorado en Ciencias Computacionales Aplicadas,,,
"Altamirano, Luis M.",57202863855,,ESPOL,Unidades Académicas,FIMCM,,,,,,,
"Argüello-Guevara, W.",55445248900,,ESPOL,Unidades Académicas,FIMCM,,,,,,,
"Bayot, Bonny",6504224308,,ESPOL,Unidades Académicas,FIMCM,,,,,,,
"Bermúdez, Rafael",55180776800,,ESPOL,Unidades Académicas,FIMCM,,,,,,,
"Borbor, Mercy Cordova",57200165308,,ESPOL,Unidades Académicas,FIMCM,,,,,,,
"Burgos, Francisca A.",57194143469,,ESPOL,Unidades Académicas,FIMCM,,,,,,,
"Calles, Alba",57211586629,,ESPOL,Unidades Académicas,FIMCM,,,,,,,
"Cedeño, Jonathan",57220067487,,ESPOL,Unidades Académicas,FIMCM,,,,,,,
"Cervantes, Eduardo",57211587417,,ESPOL,Unidades Académicas,FIMCM,,,,,,,
"Cornejo-Rodriguez, Maria del Pilar",57189254420,,ESPOL,Unidades Académicas,FIMCM,,,,,,,
"Marquez, Adrian",37665506700,,ESPOL,Unidades Académicas,FIMCM,,,,,,,
"Martillo, Carlos",56305394000,,ESPOL,Unidades Académicas,FIMCM,,,,,,,
"Marín López, José R.",57222641137,,ESPOL,Unidades Académicas,FIMCM,,,,,,,
"Muñoz-Naranjo, Marcelo",57201675885,,ESPOL,Unidades Académicas,FIMCM,,,,,,,
"Nolivos-Alvarez, Indira",55184033800,,ESPOL,Unidades Académicas,FIMCM,,,,,,,
"Ormaza-Gonz?lez, Franklin Isaac",6506478826,,ESPOL,Unidades Académicas,FIMCM,,,,,,,
"Osorio, Victor",57200913770,,ESPOL,Unidades Académicas,FIMCM,,,,,,,
"Paredes, Ruben J.",57193206570,,ESPOL,Unidades Académicas,FIMCM,,,,,,,
"Rincón, Gladys",55945280500,,ESPOL,Unidades Académicas,FIMCM,,,,,,,
"Santos, José L.",7402388379,,ESPOL,Unidades Académicas,FIMCM,,,,,,,
"Sonnenholzner, Stanislaus",18438697500,,ESPOL,Unidades Académicas,FIMCM,,,,,,,
"Townsend, Patrick",57193334988,,ESPOL,Unidades Académicas,FIMCM,,,,,,,
"Recalde-Coronel, G. Cristina",57188953799,,ESPOL,Unidades Académicas,FIMCM,Becarios FIMCM,,,,,,
"Abad, Andres G.",55965684700,,ESPOL,Unidades Académicas,FIMCP,,,,,,,
"Abad-Morán, Jorge",57201861538,,ESPOL,Unidades Académicas,FIMCP,,,,,,,
"Amaya, Jorge Luis",57195837133,,ESPOL,Unidades Académicas,FIMCP,,,,,,,
"Barcia, Kleber F.",57201853216,,ESPOL,Unidades Académicas,FIMCP,,,,,,,
"Baykara, Haci",9244086100,,ESPOL,Unidades Académicas,FIMCP,,,,,,,
"Boero, Andrea Jael",57188681313,,ESPOL,Unidades Académicas,FIMCP,,,,,,,
"Buest&amp;#225;n, Marcos N.",57196019074,,ESPOL,Unidades Académicas,FIMCP,,,,,,,
"Castillo-Orozco, Eduardo",56993767200,,ESPOL,Unidades Académicas,FIMCP,,,,,,,
"Castro, Livingston D.",57205602462,,ESPOL,Unidades Académicas,FIMCP,,,,,,,
"Cornejo, Fabiola",56403042100,,ESPOL,Unidades Académicas,FIMCP,,,,,,,
"Cornejo, Mauricio Heriberto",13609120800,,ESPOL,Unidades Académicas,FIMCP,,,,,,,
"Coronel, Jonathan R.",56538670900,,ESPOL,Unidades Académicas,FIMCP,,,,,,,
"Coronel-León, Jonathan",56538670900,,ESPOL,Unidades Académicas,FIMCP,,,,,,,
"Criollo, Nancy P.",57214365485,,ESPOL,Unidades Académicas,FIMCP,,,,,,,
"Cáceres, Patricio J.",55973941700,,ESPOL,Unidades Académicas,FIMCP,,,,,,,
"Delgado-Plaza, Emérita",57201852080,,ESPOL,Unidades Académicas,FIMCP,,,,,,,
"Duque-Rivera, Jorge W.",55199480800,,ESPOL,Unidades Académicas,FIMCP,,,,,,,
"Espinoza-Andaluz, Mayken",57221228898,,ESPOL,Unidades Académicas,FIMCP,,,,,,,
"Fajardo-Pruna, Marcelo",57195539927,,ESPOL,Unidades Académicas,FIMCP,,,,,,,
"Helguero, Carlos G.",57190195004,,ESPOL,Unidades Académicas,FIMCP,,,,,,,
"Hurel, Jorge",55233927000,,ESPOL,Unidades Académicas,FIMCP,,,,,,,
"Jervis, Freddy X.",36246339800,,ESPOL,Unidades Académicas,FIMCP,,,,,,,
"Loayza, Francis R.",28267792700,,ESPOL,Unidades Académicas,FIMCP,,,,,,,
"López, Sofía",57207759775,,ESPOL,Unidades Académicas,FIMCP,,,,,,,
"Melendres, A. M.",57204766892,,ESPOL,Unidades Académicas,FIMCP,,,,,,,
"Moreira, Cesar M.",34978993100,,ESPOL,Unidades Académicas,FIMCP,,,,,,,
"Murrieta, María Elena",57201855390,,ESPOL,Unidades Académicas,FIMCP,,,,,,,
"Palacios, Sócrates",57195580019,,ESPOL,Unidades Académicas,FIMCP,,,,,,,
"Paredes, Cecilia A.",7006458592,,ESPOL,Unidades Académicas,FIMCP,,,,,,,
"Peralta-Jaramillo, Juan",57034239100,,ESPOL,Unidades Académicas,FIMCP,,,,,,,
"Perugachi, Rodrigo",57201857453,,ESPOL,Unidades Académicas,FIMCP,,,,,,,
"Puruncajas, Bryan",57217172264,,ESPOL,Unidades Académicas,FIMCP,,,,,,,
"Pérez, Cinthia C.",57196023646,,ESPOL,Unidades Académicas,FIMCP,,,,,,,
"Quilambaqui Jara, Miguel Angel",57206770125,,ESPOL,Unidades Académicas,FIMCP,,,,,,,
"Ramirez, Angel Diego",53865403200,,ESPOL,Unidades Académicas,FIMCP,,,,,,,
"Rigail-Cedeño, Andrés",8905349600,,ESPOL,Unidades Académicas,FIMCP,,,,,,,
"Rivas, Ana Luisa",7005714951,,ESPOL,Unidades Académicas,FIMCP,,,,,,,
"Rodríguez, Denise",56575911500,,ESPOL,Unidades Académicas,FIMCP,,,,,,,
"Salas, Daniel Andrés",57188689543,,ESPOL,Unidades Académicas,FIMCP,,,,,,,
"Salazar, Rómulo",55188813700,,ESPOL,Unidades Académicas,FIMCP,,,,,,,
"Silva, Christian",56937628900,,ESPOL,Unidades Académicas,FIMCP,,,,,,,
"Silva-Leon, Jorge",57197806178,,ESPOL,Unidades Académicas,FIMCP,,,,,,,
"Soriano, Guillermo",24330258500,Director,ESPOL,Unidades Académicas,FIMCP,,,,,,,
"Tagle Freire, Danny",57203914431,,ESPOL,Unidades Académicas,FIMCP,,,,,,,
"Tapia-Bastidas, Clotario V.",57195475502,,ESPOL,Unidades Académicas,FIMCP,,,,,,,
"Tutivén, Christian",56677700300,,ESPOL,Unidades Académicas,FIMCP,,,,,,,
"Yepez, Ximena V.",57191478764,,ESPOL,Unidades Académicas,FIMCP,,,,,,,
"Almeida Pazmiño, Gonzalo A.",57208125198,,ESPOL,Unidades Académicas,FIMCP,Becarios FIMCP,,,,,,
"Murrieta, María Elena",57201855390,,ESPOL,Unidades Académicas,FIMCP,Becarios FIMCP,,,,,,
"Yumbla, Francisco",57201852791,,ESPOL,Unidades Académicas,FIMCP,Becarios FIMCP,,,,,,
"Guaman-Quintanilla, Sharon",57211349153,,ESPOL,Unidades Académicas,I3LAB,,,,,,,
