Author,Scopus Author ID,Tags,Level 1,Level 2,Level 3,Level 4,Level 5,Level 6,Level 7,Level 8,Level 9,Level 10,Ongoing Correction Request
"Llivisaca, Susana",57201348341,,ESPOL,Centros de Investigación Institucional,CADS,Analistas de investigación,,,,,,,
"Arias-Hidalgo, Mijail",36493874100,,ESPOL,Centros de Investigación Institucional,CADS,Profesores,,,,,,,
"Domínguez-Granda, Luis",6505735502,Director,ESPOL,Centros de Investigación Institucional,CADS,Profesores,,,,,,,
"Martillo, Carlos",56305394000,,ESPOL,Centros de Investigación Institucional,CADS,Profesores,,,,,,,
"Matamoros, David E.",12141256000,,ESPOL,Centros de Investigación Institucional,CADS,Profesores,,,,,,,
"Nolivos-Alvarez, Indira",55184033800,,ESPOL,Centros de Investigación Institucional,CADS,Profesores,,,,,,,
"Rosado-Moncayo, Andrea Mishell",57221385483,,ESPOL,Centros de Investigación Institucional,CADS,Técnicos de investigación,,,,,,,
"Ramos-Veliz, John Alex",57224516032,,ESPOL,Centros de Investigación Institucional,CADS,Técnicos de investigación,,,,,,,
"Mosquera-Romero, Suanny",57230375500,,ESPOL,Centros de Investigación Institucional,CADS,Profesores,,,,,,,
"López, Carlos",57129070200,,ESPOL,Centros de Investigación Institucional,CADS,Profesores,,,,,,,
"Agurto, Gabriela",57209882380,,ESPOL,Centros de Investigación Institucional,CENAIM,Analistas de investigación,,,,,,,
"Betancourt, Irma",14830267400,,ESPOL,Centros de Investigación Institucional,CENAIM,Analistas de investigación,,,,,,,
"Domínguez-Borbor, Cristóbal",57200542628,,ESPOL,Centros de Investigación Institucional,CENAIM,Analistas de investigación,,,,,,,
"Panchana, Fanny A.",6504761406,,ESPOL,Centros de Investigación Institucional,CENAIM,Analistas de investigación,,,,,,,
"Reinoso, Samira",57203752743,,ESPOL,Centros de Investigación Institucional,CENAIM,Analistas de investigación,,,,,,,
"Rodríguez-Pesantes, Daniel",57197715657,,ESPOL,Centros de Investigación Institucional,CENAIM,Analistas de investigación,,,,,,,
"Tomalá, Cecilia",57208798666,,ESPOL,Centros de Investigación Institucional,CENAIM,Analistas de investigación,,,,,,,
"Argüello Guevara, W.",55445248900,,ESPOL,Centros de Investigación Institucional,CENAIM,Profesores,,,,,,,
"Bayot, Bonny",6504224308,,ESPOL,Centros de Investigación Institucional,CENAIM,Profesores,,,,,,,
"Marquez, Adrian",37665506700,,ESPOL,Centros de Investigación Institucional,CENAIM,Profesores,,,,,,,
"Rodríguez, Jenny",7404697073,,ESPOL,Centros de Investigación Institucional,CENAIM,Profesores,,,,,,,
"Sonnenholzner, Stanislaus",18438697500,Director,ESPOL,Centros de Investigación Institucional,CENAIM,Profesores,,,,,,,
"Pinos-Tamayo, Edgar A.",57223025557,,ESPOL,Centros de Investigación Institucional,CENAIM,Técnicos de investigación,,,,,,,
"Bajaña, Leandro",57202754219,,ESPOL,Centros de Investigación Institucional,CENAIM,Técnicos de investigación,,,,,,,
"Bohórquez-Cruz, Milton",56461426500,,ESPOL,Centros de Investigación Institucional,CENAIM,Técnicos de investigación,,,,,,,
"Guillén, Paúl O.",57193872491,,ESPOL,Centros de Investigación Institucional,CENAIM,Técnicos de investigación,,,,,,,
"Jaramillo, Karla B.",57193871936,,ESPOL,Centros de Investigación Institucional,CENAIM,Técnicos de investigación,,,,,,,
"Patiño, Ricardo S.P.",57203978849,,ESPOL,Centros de Investigación Institucional,CENAIM,Técnicos de investigación,,,,,,,
"Reyes, Guillermo",57200512918,,ESPOL,Centros de Investigación Institucional,CENAIM,Técnicos de investigación,,,,,,,
"Reyes, Jessica Karina",57205611091,,ESPOL,Centros de Investigación Institucional,CENAIM,Técnicos de investigación,,,,,,,
"Hidalgo-León, Rubén",57205878061,,ESPOL,Centros de Investigación Institucional,CERA,Analistas de investigación,,,,,,,
"Porras, Frank",56376735700,,ESPOL,Centros de Investigación Institucional,CERA,Analistas de investigación,,,,,,,
"Espinoza-Andaluz, Mayken",57221228898,,ESPOL,Centros de Investigación Institucional,CERA,Profesores,,,,,,,
"Moreira, Cesar M.",34978993100,,ESPOL,Centros de Investigación Institucional,CERA,Profesores,,,,,,,
"Silva-Leon, Jorge",57197806178,,ESPOL,Centros de Investigación Institucional,CERA,Profesores,,,,,,,
"Soriano, Guillermo",24330258500,Director|Director,ESPOL,Centros de Investigación Institucional,CERA,Profesores,,,,,,,
"Tinoco, Diana L.",57115228200,,ESPOL,Centros de Investigación Institucional,CERA,Profesores,,,,,,,
"Torres, Miguel A.",57206660598,,ESPOL,Centros de Investigación Institucional,CERA,Profesores,,,,,,,
"Santana-Villamar, Jordy",57211218728,,ESPOL,Centros de Investigación Institucional,CERA,Técnicos de investigación,,,,,,,
"Varela, Christopher",57219451077,,ESPOL,Centros de Investigación Institucional,CERA,,,,,,,,
"Chávez-Navarrete, Tatiana Paola",57188977569,,ESPOL,Centros de Investigación Institucional,CIBE,Analistas de investigación,,,,,,,
"Chóez-Guaranda, Iván Andrés",57118333700,,ESPOL,Centros de Investigación Institucional,CIBE,Analistas de investigación,,,,,,,
"Cornejo-Franco, Juan Francisco",57199854408,,ESPOL,Centros de Investigación Institucional,CIBE,Analistas de investigación,,,,,,,
"Espinoza-Lozano, Rodrigo Fernando",57192191677,,ESPOL,Centros de Investigación Institucional,CIBE,Analistas de investigación,,,,,,,
"García-Onofre, José Antonio",57220937732,,ESPOL,Centros de Investigación Institucional,CIBE,Analistas de investigación,,,,,,,
"Maridueña-Zavala, María Gabriela",56118670300,,ESPOL,Centros de Investigación Institucional,CIBE,Analistas de investigación,,,,,,,
"Monserrate-Maggi, Bertha Lorena",57211075762,,ESPOL,Centros de Investigación Institucional,CIBE,Analistas de investigación,,,,,,,
"Pacheco-Coello, Ricardo Humberto",57188976620,,ESPOL,Centros de Investigación Institucional,CIBE,Analistas de investigación,,,,,,,
"Quevedo-Pinos, Adela Rosalva",57208665744,,ESPOL,Centros de Investigación Institucional,CIBE,Analistas de investigación,,,,,,,
"Serrano-Mena, Lizette Verónica",57208675201,,ESPOL,Centros de Investigación Institucional,CIBE,Analistas de investigación,,,,,,,
"Vargas-Pérez, Jeffrey David",56223964000,,ESPOL,Centros de Investigación Institucional,CIBE,Analistas de investigación,,,,,,,
"Vera-Morales, Marcos Xavier",57220206122,,ESPOL,Centros de Investigación Institucional,CIBE,Analistas de investigación,,,,,,,
"Villao-Uzho, Liliana Elizabeth",57188986962,,ESPOL,Centros de Investigación Institucional,CIBE,Analistas de investigación,,,,,,,
"Villavicencio-Vásquez, Mirian Elizabeth",57192254346,,ESPOL,Centros de Investigación Institucional,CIBE,Analistas de investigación,,,,,,,
"Viteri-Espinoza, Rafael Antonio",57218870363,,ESPOL,Centros de Investigación Institucional,CIBE,Analistas de investigación,,,,,,,
"Barcos-Arias, Milton Senen",57203656643,,ESPOL,Centros de Investigación Institucional,CIBE,Profesores,,,,,,,
"Bonilla-Jaime, Julio Andrés",57211376405,,ESPOL,Centros de Investigación Institucional,CIBE,Profesores,,,,,,,
"Cevallos-Cevallos, Juan Manuel",26632840200,Director|Director,ESPOL,Centros de Investigación Institucional,CIBE,Profesores,,,,,,,
"Chong-Aguirre, Pablo Antonio",57200597590,,ESPOL,Centros de Investigación Institucional,CIBE,Profesores,,,,,,,
"Coronel-León, Jonathan Ricardo",56538670900,,ESPOL,Centros de Investigación Institucional,CIBE,Profesores,,,,,,,
"Díez-García, Nardy del Valle",57224005517,,ESPOL,Centros de Investigación Institucional,CIBE,Profesores,,,,,,,
"Galarza-Romer, Luis Lenin",57220962987,,ESPOL,Centros de Investigación Institucional,CIBE,Profesores,,,,,,,
"Magdama-Tobar, Freddy Arturo",57208673500,,ESPOL,Centros de Investigación Institucional,CIBE,Profesores,,,,,,,
"Manzano-Santana, Patricia Isabel",55619354500,,ESPOL,Centros de Investigación Institucional,CIBE,Profesores,,,,,,,
"Quito-Avila, Diego Fernando",36706565100,,ESPOL,Centros de Investigación Institucional,CIBE,Profesores,,,,,,,
"Ratti-Torres, María Fernanda",56014318600,,ESPOL,Centros de Investigación Institucional,CIBE,Profesores,,,,,,,
"Sánchez-Timm, Luis Eduardo",55774563900,,ESPOL,Centros de Investigación Institucional,CIBE,Profesores,,,,,,,
"Santos-Ordóñez, Efrén Germán",57219913136,,ESPOL,Centros de Investigación Institucional,CIBE,Profesores,,,,,,,
"Sosa del Castillo, Daynet",57191692739,,ESPOL,Centros de Investigación Institucional,CIBE,Profesores,,,,,,,
"Rivadeneira, Rafael E.",57210803558,,ESPOL,Centros de Investigación Institucional,CIDIS,Doctorando,,,,,,,
"Suárez, Patricia L.",57194765069,,ESPOL,Centros de Investigación Institucional,CIDIS,Investigadores CIDIS,,,,,,,
"Agila, W.",8905693300,,ESPOL,Centros de Investigación Institucional,CIDIS,Profesores,,,,,,,
"Paillacho, Dennys",56084736200,,ESPOL,Centros de Investigación Institucional,CIDIS,Profesores,,,,,,,
"Realpe, Miguel",23393955200,,ESPOL,Centros de Investigación Institucional,CIDIS,Profesores,,,,,,,
"Sappa, A. D.",6603014642,,ESPOL,Centros de Investigación Institucional,CIDIS,Profesores,,,,,,,
"Vintimilla, Boris X.",6507077933,Director,ESPOL,Centros de Investigación Institucional,CIDIS,Profesores,,,,,,,
"Calderón, Fernanda",57201850102,,ESPOL,Centros de Investigación Institucional,CIDIS,Profesores,,,,,,,
"Paillacho, Jonathan",57215835311,,ESPOL,Centros de Investigación Institucional,CIDIS,Técnicos de investigación,,,,,,,
"Velesaca, Henry O.",57216456457,,ESPOL,Centros de Investigación Institucional,CIDIS,Técnicos de investigación,,,,,,,
"Atencio, Reinaldo",55880919000,,ESPOL,Centros de Investigación Institucional,CIDNA,Profesores,,,,,,,
"Baykara, Haci",9244086100,,ESPOL,Centros de Investigación Institucional,CIDNA,Profesores,,,,,,,
"Cornejo, Mauricio Heriberto",57224322470,,ESPOL,Centros de Investigación Institucional,CIDNA,Profesores,,,,,,,
"Garcia-Troncoso, Natividad",57243724200,,ESPOL,Centros de Investigación Institucional,CIDNA,Profesores,,,,,,,
"Guarochico-Moreira, Víctor",57200414518,Director,ESPOL,Centros de Investigación Institucional,CIDNA,Profesores,,,,,,,
"Iza, P.",12144062100,,ESPOL,Centros de Investigación Institucional,CIDNA,Profesores,,,,,,,
"Rigail-Cedeño, Andrés",8905349600,,ESPOL,Centros de Investigación Institucional,CIDNA,Profesores,,,,,,,
"Caceres, Julio",57210820496,,ESPOL,Centros de Investigación Institucional,CIDNA,Técnicos de investigación,,,,,,,
"Altamirano, Luis M.",57202863855,,ESPOL,Centros de Investigación Institucional,CIP-RRD,Profesores,,,,,,,
"Andrade-García, Gina",57220068385,,ESPOL,Centros de Investigación Institucional,CIP-RRD,Profesores,,,,,,,
"Asencio, Jose Luis",57217245534,,ESPOL,Centros de Investigación Institucional,CIP-RRD,Profesores,,,,,,,
"Borbor, Mercy Cordova",57200165308,,ESPOL,Centros de Investigación Institucional,CIP-RRD,Profesores,,,,,,,
"Castillo, María José",24461218700,,ESPOL,Centros de Investigación Institucional,CIP-RRD,Profesores,,,,,,,
"Cedeño, Jonathan",57220067487,,ESPOL,Centros de Investigación Institucional,CIP-RRD,Profesores,,,,,,,
"Cornejo-Rodriguez, Maria del Pilar",57189254420,Directora,ESPOL,Centros de Investigación Institucional,CIP-RRD,Profesores,,,,,,,
"Delgado, Erwin",57226779473,,ESPOL,Centros de Investigación Institucional,CIP-RRD,Profesores,,,,,,,
"Ormaza-González, Franklin Isaac",6506478826,,ESPOL,Centros de Investigación Institucional,CIP-RRD,Profesores,,,,,,,
"Rincón, Gladys",55945280500,,ESPOL,Centros de Investigación Institucional,CIP-RRD,Profesores,,,,,,,
"Andrade Bowen, Gabriela ",57220067759,,ESPOL,Centros de Investigación Institucional,CIP-RRD,Colaborador Externo,,,,,,,
"Caiza Quinga, Rommel",57218441880,,ESPOL,Centros de Investigación Institucional,CIP-RRD,Colaborador Externo,,,,,,,
"Mora-Frank, Carlos V.",57216865424,,ESPOL,Centros de Investigación Institucional,CIPAT,Pasante de investigación,,,,,,,
"Carrión Mero, Paúl C.C.M.",57208038096,Director,ESPOL,Centros de Investigación Institucional,CIPAT,Profesores,,,,,,,
"Montalvan-Burbano, Nestor",57210814655,,ESPOL,Centros de Investigación Institucional,CIPAT,Profesores,,,,,,,
"Montoya, Andrés Danilo Velástegui",57208080722,,ESPOL,Centros de Investigación Institucional,CIPAT,Profesores,,,,,,,
"Morante, Fernando E.",23568713200,,ESPOL,Centros de Investigación Institucional,CIPAT,Profesores,,,,,,,
"Rojas, Pedro",57206415452,,ESPOL,Centros de Investigación Institucional,CIPAT,Profesores,,,,,,,
"Ángel Chávez, Miguel",57222494555,,ESPOL,Centros de Investigación Institucional,CIPAT,Profesores,,,,,,,
"Aguilar-Aguilar, Maribel",57212500505,,ESPOL,Centros de Investigación Institucional,CIPAT,Técnicos de investigación,,,,,,,
"Briones Bitar, Josué",57212500382,,ESPOL,Centros de Investigación Institucional,CIPAT,Técnicos de investigación,,,,,,,
"Jaya-Montalvo, María",57216526065,,ESPOL,Centros de Investigación Institucional,CIPAT,Técnicos de investigación,,,,,,,
"Abad, Andres G.",55965684700,,ESPOL,Centros de Investigación Institucional,CTI,Profesores,,,,,,,
"Chiluiza, Katherine",55975399800,Directora,ESPOL,Centros de Investigación Institucional,CTI,Profesores,,,,,,,
"Domínguez, Federico",8338734700,CTI|CTI,ESPOL,Centros de Investigación Institucional,CTI,Profesores,,,,,,,
"Echeverria, Vanessa",56016639400,,ESPOL,Centros de Investigación Institucional,CTI,Profesores,,,,,,,
"Estrada, Rebeca L.",55548968500,CTI|CTI,ESPOL,Centros de Investigación Institucional,CTI,Profesores,,,,,,,
"Méndez, Gonzalo Gabriel",56725883600,CTI|CTI,ESPOL,Centros de Investigación Institucional,CTI,Profesores,,,,,,,
"Eras, Leonardo",36058820600,,ESPOL,Centros de Investigación Institucional,CTI,Técnicos de investigación,,,,,,,
"Irving, Valeriano C.",57190838247,,ESPOL,Centros de Investigación Institucional,CTI,Técnicos de investigación,,,,,,,
"Martinez, Caril",57235542500,,ESPOL,Centros de Investigación Institucional,CTI,Técnicos de investigación,,,,,,,
"Torres, Danny",57280663700,,ESPOL,Centros de Investigación Institucional,CTI,Técnicos de investigación,,,,,,,
"Moreno, Oscar",57367326300,,ESPOL,Centros de Investigación Institucional,CTI,Técnicos de investigación,,,,,,,
"Mendoza, Patricio",57367531500,,ESPOL,Centros de Investigación Institucional,CTI,Técnicos de investigación,,,,,,,
"Delgado-Plaza, Emérita",57201852080,,ESPOL,Centros de Investigación vinculados a la Facultad,CDTS,,,,,,,,
"Maldonado, Fausto",57201852634,,ESPOL,Centros de Investigación vinculados a la Facultad,CDTS,,,,,,,,
"Peralta-Jaramillo, Juan",57034239100,,ESPOL,Centros de Investigación vinculados a la Facultad,CDTS,,,,,,,,
"Quilambaqui, Miguel Angel",57206770125,,ESPOL,Centros de Investigación vinculados a la Facultad,CDTS,,,,,,,,
"Zabala, Gonzalo",57191724800,,ESPOL,Centros de Investigación vinculados a la Facultad,CDTS,,,,,,,,
"Castillo, José Gabriel Gabriel",57214066569,,ESPOL,Centros de Investigación vinculados a la Facultad,CIEC,Profesores,,,,,,,
"Sánchez, Gonzalo E.",57191962187,Director,ESPOL,Centros de Investigación vinculados a la Facultad,CIEC,Profesores,,,,,,,
"Sánchez-Aragón, Leonardo",57194431560,,ESPOL,Centros de Investigación vinculados a la Facultad,CIEC,Profesores,,,,,,,
"Yoong-Parraga, Cristina",57216488438,,ESPOL,Centros de Investigación vinculados a la Facultad,CIEC,Profesores,,,,,,,
"Campoverde, Ronald",57211356171,,ESPOL,Centros de Investigación vinculados a la Facultad,CIEC,Profesores,,,,,,,
"Solórzano, G.",55963018100,,ESPOL,Centros de Investigación vinculados a la Facultad,CIEC,Profesores,,,,,,,
"Domínguez-Andrade, Juan Manuel",57194599642,,ESPOL,Centros de Investigación vinculados a la Facultad,CIR,,,,,,,,
"Espinel, Ramón L.",6506640774,Director,ESPOL,Centros de Investigación vinculados a la Facultad,CIR,,,,,,,,
"Penafiel, Daniela",52664033100,,ESPOL,Centros de Investigación vinculados a la Facultad,CIR,,,,,,,,
"Rhodes, Lauren A.",57216874311,,ESPOL,Centros de Investigación vinculados a la Facultad,CIR,,,,,,,,
"Villa-Cox, Gonzalo",55553169400,,ESPOL,Centros de Investigación vinculados a la Facultad,CIR,,,,,,,,
"Abad, Cristina L.",22957218500,,ESPOL,Centros de Investigación vinculados a la Facultad,CTD,,,,,,,,
"Ochoa, Daniel",36795354300,,ESPOL,Centros de Investigación vinculados a la Facultad,CTD,,,,,,,,
"Plaza, Douglas Antonio",24829599200,,ESPOL,Centros de Investigación vinculados a la Facultad,CTD,,,,,,,,
"Vaca, Carmen",57201576771,,ESPOL,Centros de Investigación vinculados a la Facultad,CTD,,,,,,,,
"Vargas, German R.",36631075000,,ESPOL,Centros de Investigación vinculados a la Facultad,CTD,,,,,,,,
"Villavicencio, Monica",54914547100,,ESPOL,Centros de Investigación vinculados a la Facultad,CTD,,,,,,,,
"Marcos, Jorge G.",57191885109,,ESPOL,Centros de Investigación vinculados a la Facultad,CEAA,,,,,,,,
"Mongeló, Guilherme Z",40461869000,,ESPOL,Centros de Investigación vinculados a la Facultad,CEAA,,,,,,,,
"Amaya Rivas, Adriana Andrea",57194024256,,ESPOL,Unidades Académicas,ESPAE,,,,,,,,
"Bustamante, Juan Carlos",57202689227,,ESPOL,Unidades Académicas,ESPAE,,,,,,,,
"Castillo, María José",57224398122,,ESPOL,Unidades Académicas,ESPAE,,,,,,,,
"Granda, María",57216641341,,ESPOL,Unidades Académicas,ESPAE,,,,,,,,
"Morello, Maria Virginia Lasio",36056968000,,ESPOL,Unidades Académicas,ESPAE,,,,,,,,
"Ochoa, Paola",57194747139,,ESPOL,Unidades Académicas,ESPAE,,,,,,,,
"Ordeñana, Xavier",55961691000,,ESPOL,Unidades Académicas,ESPAE,,,,,,,,
"Rodriguez, Jorge A.",56316997000,,ESPOL,Unidades Académicas,ESPAE,,,,,,,,
"Wong, Sara A.",7404590678,,ESPOL,Unidades Académicas,ESPAE,,,,,,,,
"Coello-Montecel, David",57221085163,,ESPOL,Unidades Académicas,ESPAE,Asistente de Investigación,,,,,,,
"Vera-Gilces, Paul",57194559112,,ESPOL,Unidades Académicas,ESPAE,Asistente de Investigación,,,,,,,
"Domínguez-Andrade, Juan Manuel",57194599642,,ESPOL,Unidades Académicas,ESPAE,CIR,,,,,,,
"Balbuena, Iria Cabrera",57218561925,,ESPOL,Unidades Académicas,FADCOM,,,,,,,,
"De Lourdes Pilay, María",57216874692,,ESPOL,Unidades Académicas,FADCOM,,,,,,,,
"Del Pino Espinoza, Ariana Daniela",57193533197,,ESPOL,Unidades Académicas,FADCOM,,,,,,,,
"Matovelle Villamar, Ruth",57193527691,,ESPOL,Unidades Académicas,FADCOM,,,,,,,,
"Polo Blanco, Jorge",57210897813,,ESPOL,Unidades Académicas,FADCOM,,,,,,,,
"Solorzano, Nayeth I.",57192008773,,ESPOL,Unidades Académicas,FADCOM,,,,,,,,
"Ulloa-López, Paola",57203861927,,ESPOL,Unidades Académicas,FADCOM,,,,,,,,
"Cárdenas-Escobar, Nadia",57211353875,,ESPOL,Unidades Académicas,FCNM,Estadística,,,,,,,
"Ruiz-Barzola, Omar",57366113100,,ESPOL,Unidades Académicas,FCNM,Estadística,,,,,,,
"Vera, Francisco",57188825789,,ESPOL,Unidades Académicas,FCNM,Estadística,,,,,,,
"Bauz-Olvera, Sergio A.",57204286989,,ESPOL,Unidades Académicas,FCNM,Estadística,,,,,,,
"Cevallos-Valdiviezo, Holger",56595230300,,ESPOL,Unidades Académicas,FCNM,Estadística,,,,,,,
"Garcia-Angulo, Andrea C.",57572669100,,ESPOL,Unidades Académicas,FCNM,Estadística,,,,,,,
"García-Bustos, Sandra",55553022100,,ESPOL,Unidades Académicas,FCNM,Estadística,,,,,,,
"González-Narváez, Mariela",57224307911,,ESPOL,Unidades Académicas,FCNM,Estadística,,,,,,,
"Mera-Intriago, Eva",57220743753,,ESPOL,Unidades Académicas,FCNM,Estadística,,,,,,,
"Pambabay-Calero, Johny J.",57204282340,,ESPOL,Unidades Académicas,FCNM,Estadística,,,,,,,
"Ramirez-Figueroa, John A.",57219737034,,ESPOL,Unidades Académicas,FCNM,Estadística,,,,,,,
"Suárez, Carlos Aníbal",57214464475,,ESPOL,Unidades Académicas,FCNM,Estadística,,,,,,,
"Galarza, Christian E.",57147632900,,ESPOL,Unidades Académicas,FCNM,Estadística,,,,,,,
"Del Rosario, Edison",57193238379,,ESPOL,Unidades Académicas,FCNM,Logística,,,,,,,
"Cabezas, Xavier",57219461911,,ESPOL,Unidades Académicas,FCNM,Logística,,,,,,,
"Delgado, Erwin",57226779473,,ESPOL,Unidades Académicas,FCNM,Logística,,,,,,,
"Martin-Barreiro, Carlos",57219733203,,ESPOL,Unidades Académicas,FCNM,Logística,,,,,,,
"Sandoya, Fernando",55208161800,,ESPOL,Unidades Académicas,FCNM,Logística,,,,,,,
"Mancero-Mosquera, Isaac",6506518022,,ESPOL,Unidades Académicas,FCNM,Matemática,,,,,,,
"Álvarez, Illych",57220077305,,ESPOL,Unidades Académicas,FCNM,Matemática,,,,,,,
"Chong, Antonio S.E.",57193308677,,ESPOL,Unidades Académicas,FCNM,Matemática,,,,,,,
"Marchan, Luz Elimar",55256270300,,ESPOL,Unidades Académicas,FCNM,Matemática,,,,,,,
"Angulo, Wilfredo",57209241614,,ESPOL,Unidades Académicas,FCNM,Matemática,,,,,,,
"Aponte, J.",57195741207,,ESPOL,Unidades Académicas,FCNM,Matemática,,,,,,,
"Aponte, Elvis",35279454600,,ESPOL,Unidades Académicas,FCNM,Matemática,,,,,,,
"Bracamonte, Mireya",56046511200,,ESPOL,Unidades Académicas,FCNM,Matemática,,,,,,,
"de Cecchis, Dany",26025935500,,ESPOL,Unidades Académicas,FCNM,Matemática,,,,,,,
"Mejías, Fernando",57219099296,,ESPOL,Unidades Académicas,FCNM,Matemática,,,,,,,
"Páez Chávez, Joseph",57203173715,,ESPOL,Unidades Académicas,FCNM,Matemática,,,,,,,
"Pérez, Liliana",51864408100,,ESPOL,Unidades Académicas,FCNM,Matemática,,,,,,,
"Pineda, Ebner",23978476100,,ESPOL,Unidades Académicas,FCNM,Matemática,,,,,,,
"Quiroz, Domingo",8715862300,,ESPOL,Unidades Académicas,FCNM,Matemática,,,,,,,
"Rodriguez, Luz",57222023541,,ESPOL,Unidades Académicas,FCNM,Matemática,,,,,,,
"Vielma, Jorge",11739250600,,ESPOL,Unidades Académicas,FCNM,Matemática,,,,,,,
"Velasco-Galarza, Víctor",57211136169,,ESPOL,Unidades Académicas,FCNM,Física,,,,,,,
"Zambrano, D.",56990849300,,ESPOL,Unidades Académicas,FCNM,Física,,,,,,,
"Guarochico-Moreira, Víctor",57200414518,,ESPOL,Unidades Académicas,FCNM,Física,,,,,,,
"Gutiérrez M., Esther D.",55801443700,,ESPOL,Unidades Académicas,FCNM,Física,,,,,,,
"Iza, P.",12144062100,,ESPOL,Unidades Académicas,FCNM,Física,,,,,,,
"Lamilla-Rubio, Erick A.",57224171697,,ESPOL,Unidades Académicas,FCNM,Física,,,,,,,
"Pazmiño, Arturo",56816750600,,ESPOL,Unidades Académicas,FCNM,Física,,,,,,,
"Plaza, Eric",36987075800,,ESPOL,Unidades Académicas,FCNM,Física,,,,,,,
"López, Alexander",15822529800,,ESPOL,Unidades Académicas,FCNM,Física,,,,,,,
"Almeida-Guerra, Paola",7801582875,,ESPOL,Unidades Académicas,FCNM,Química,,,,,,,
"Aponte, J.",57195741207,,ESPOL,Unidades Académicas,FCNM,Química,,,,,,,
"Atencio, Reinaldo",55880919000,,ESPOL,Unidades Académicas,FCNM,Química,,,,,,,
"Domínguez-Granda, Luis",6505735502,,ESPOL,Unidades Académicas,FCNM,Química,,,,,,,
"Galarza, Christian E.",57147632900,,ESPOL,Unidades Académicas,FCNM,Química,,,,,,,
"García-Bustos, Sandra",55553022100,,ESPOL,Unidades Académicas,FCNM,Química,,,,,,,
"González, Y. K.",57218539543,,ESPOL,Unidades Académicas,FCNM,Química,,,,,,,
"Matamoros, David E.",12141256000,,ESPOL,Unidades Académicas,FCNM,Química,,,,,,,
"Morante, Fernando E.",23568713200,,ESPOL,Unidades Académicas,FCNM,Química,,,,,,,
"Mosquera-Romero, Suanny",57230375500,,ESPOL,Unidades Académicas,FCNM,Química,,,,,,,
"Salas, Santiago D.",57132394000,,ESPOL,Unidades Académicas,FCNM,Química,,,,,,,
"Tinoco, Diana L.",57115228200,,ESPOL,Unidades Académicas,FCNM,Química,,,,,,,
"Vera-Villalobos, Joan",36678130400,,ESPOL,Unidades Académicas,FCNM,Química,,,,,,,
"Vielma, Joel E.",48661504200,,ESPOL,Unidades Académicas,FCNM,Química,,,,,,,
"de Lourdes Mendoza, Ma",56572784400,,ESPOL,Unidades Académicas,FCNM,Química,,,,,,,
"Pacheco, Yesenia",57214447450,,ESPOL,Unidades Académicas,FCNM,Química,,,,,,,
"Santos-Torres, Myrian",57219452230,,ESPOL,Unidades Académicas,FCNM,Química,,,,,,,
Varela Christopher,57219451077,,ESPOL,Unidades Académicas,FCNM,Química,,,,,,,
Barcia Andrea,57391621100,,ESPOL,Unidades Académicas,FCNM,Química,,,,,,,
"Barriga, Holger Raul",57201854476,,ESPOL,Unidades Académicas,FCSH,Profesores,,,,,,,
"Bustamante, José M.",57204844068,,ESPOL,Unidades Académicas,FCSH,Profesores,,,,,,,
"Camacho, Maria Helen",56875523900,,ESPOL,Unidades Académicas,FCSH,Profesores,,,,,,,
"Carvache-Franco, Wilmer",57194655663,,ESPOL,Unidades Académicas,FCSH,Profesores,,,,,,,
"Constantine-Castro, Angelo R.",55957620100,,ESPOL,Unidades Académicas,FCSH,Profesores,,,,,,,
"Espinoza, Nereyda",57209436859,,ESPOL,Unidades Académicas,FCSH,Profesores,,,,,,,
"Estrella, Félix",57236647400,,ESPOL,Unidades Académicas,FCSH,Profesores,,,,,,,
"Gavilanes, Julio",57200691311,,ESPOL,Unidades Académicas,FCSH,Profesores,,,,,,,
"González, Víctor Hugo",57200794830,,ESPOL,Unidades Académicas,FCSH,Profesores,,,,,,,
"Guerrero, Alicia",57209451180,,ESPOL,Unidades Académicas,FCSH,Profesores,,,,,,,
"León-León, Vanessa",57729455800,,ESPOL,Unidades Académicas,FCSH,Profesores,,,,,,,
"Lima, José Luis",56660271700,,ESPOL,Unidades Académicas,FCSH,Profesores,,,,,,,
"Macias, Washington",57196475106,,ESPOL,Unidades Académicas,FCSH,Profesores,,,,,,,
"Maluk Uriguen, Silvia Amira",57214136857,,ESPOL,Unidades Académicas,FCSH,Profesores,,,,,,,
"Molina-Vera, Andrea",57221599567,,ESPOL,Unidades Académicas,FCSH,Profesores,,,,,,,
"Pécot, Mathias",57203511499,,ESPOL,Unidades Académicas,FCSH,Profesores,,,,,,,
"Ricaurte-Quijano, Carla",57195571363,,ESPOL,Unidades Académicas,FCSH,Profesores,,,,,,,
"Rivadeneyra, Ivan",57222135389,,ESPOL,Unidades Académicas,FCSH,Profesores,,,,,,,
"Rodriguez, Katia",57209714266,,ESPOL,Unidades Académicas,FCSH,Profesores,,,,,,,
"Romero-Montoya, María Elena",57218378468,,ESPOL,Unidades Académicas,FCSH,Profesores,,,,,,,
"Ruano, María Alejandra",57200013837,,ESPOL,Unidades Académicas,FCSH,Profesores,,,,,,,
"Miguel Ruiz, M.",57211658271,,ESPOL,Unidades Académicas,FCSH,Profesores,,,,,,,
"Sabando-Vera, David",57200796168,,ESPOL,Unidades Académicas,FCSH,Profesores,,,,,,,
"Yonfá-Medranda, Marcela",57205759796,,ESPOL,Unidades Académicas,FCSH,Profesores,,,,,,,
"Zanzzi, Fabricio",56986512800,,ESPOL,Unidades Académicas,FCSH,Profesores,,,,,,,
"Méndez Prado, Silvia Mariela",57201256099,,ESPOL,Unidades Académicas,FCSH,Becarios FCSH,,,,,,,
"Nacipucha, David",57194336227,,ESPOL,Unidades Académicas,FCSH,Becarios FCSH,,,,,,,
"Sanchez-Loor, Daniel A.",55898339000,,ESPOL,Unidades Académicas,FCSH,Becarios FCSH,,,,,,,
"Torres-Naranjo, Mónica",57194415648,,ESPOL,Unidades Académicas,FCSH,Becarios FCSH,,,,,,,
"Marcos, Jorge G.",57191885109,,ESPOL,Unidades Académicas,FCSH,CEAA,,,,,,,
"Mongeló, Guilherme Z.",40461869000,,ESPOL,Unidades Académicas,FCSH,CEAA,,,,,,,
"Campoverde, Ronald",57211356171,,ESPOL,Unidades Académicas,FCSH,CIEC,,,,,,,
"Castillo, José Gabriel",57214066569,,ESPOL,Unidades Académicas,FCSH,CIEC,,,,,,,
"Sánchez-Aragón, Leonardo",57194431560,,ESPOL,Unidades Académicas,FCSH,CIEC,,,,,,,
"Sánchez, Gonzalo E.",57191962187,,ESPOL,Unidades Académicas,FCSH,CIEC,,,,,,,
"Solórzano, G.",55963018100,,ESPOL,Unidades Académicas,FCSH,CIEC,,,,,,,
"Yoong-Parraga, Cristina",57216488438,,ESPOL,Unidades Académicas,FCSH,CIEC,,,,,,,
"Espinel, Ramón L.",6506640774,,ESPOL,Unidades Académicas,FCSH,CIR,,,,,,,
"Penafiel, Daniela",52664033100,,ESPOL,Unidades Académicas,FCSH,CIR,,,,,,,
"Rhodes, Lauren A.",57216874311,,ESPOL,Unidades Académicas,FCSH,CIR,,,,,,,
"Villa-Cox, Gonzalo",55553169400,,ESPOL,Unidades Académicas,FCSH,CIR,,,,,,,
"Alava, Eduardo I.",56491014700,,ESPOL,Unidades Académicas,FCV,,,,,,,,
"Barcos-Arias, Milton Senen",57203656643,,ESPOL,Unidades Académicas,FCV,,,,,,,,
"Bonilla, Julio",57211376405,,ESPOL,Unidades Académicas,FCV,,,,,,,,
"Burbano, Roberto Carlos Villavicencio",57222099513,,ESPOL,Unidades Académicas,FCV,,,,,,,,
"Calderón, Fernanda",57201850102,,ESPOL,Unidades Académicas,FCV,,,,,,,,
"Calle, Paola",55668398900,,ESPOL,Unidades Académicas,FCV,,,,,,,,
"Carvajal-Aldaz, Diana G.",57191904256,,ESPOL,Unidades Académicas,FCV,,,,,,,,
"Castillo, María José",57224398122,,ESPOL,Unidades Académicas,FCV,,,,,,,,
"Cevallos-Cevallos, Juan Manuel",26632840200,Director|Director,ESPOL,Unidades Académicas,FCV,,,,,,,,
"Chavez, Eduardo",37024168300,,ESPOL,Unidades Académicas,FCV,,,,,,,,
"Chong, Pablo",57200597590,,ESPOL,Unidades Académicas,FCV,,,,,,,,
"Cordeiro, Fernanda Bertuccez",55353001200,,ESPOL,Unidades Académicas,FCV,,,,,,,,
"Cárdenas, Washington B.",6603402954,,ESPOL,Unidades Académicas,FCV,,,,,,,,
"Domínguez, Gustavo A.",56022634500,,ESPOL,Unidades Académicas,FCV,,,,,,,,
"Díez, Nardy",57224005517,,ESPOL,Unidades Académicas,FCV,,,,,,,,
"Espinoza-Lozano, Lisbeth",57204142509,,ESPOL,Unidades Académicas,FCV,,,,,,,,
"Galarza-Romero, Luis",57220962987,,ESPOL,Unidades Académicas,FCV,,,,,,,,
"Herrera, Paúl A.",16552255100,,ESPOL,Unidades Académicas,FCV,,,,,,,,
"Jimenez-Feijoó, María Isabel",57217651060,,ESPOL,Unidades Académicas,FCV,,,,,,,,
"Magdama, Freddy",57208673500,,ESPOL,Unidades Académicas,FCV,,,,,,,,
"Manzano, Patricia",55619354500,,ESPOL,Unidades Académicas,FCV,,,,,,,,
"Montiel, M.",7005128835,,ESPOL,Unidades Académicas,FCV,,,,,,,,
"Morales, Felix E.",36194228600,,ESPOL,Unidades Académicas,FCV,,,,,,,,
"Orellana-Manzano, Andrea",37089380900,,ESPOL,Unidades Académicas,FCV,,,,,,,,
"Piedrahita, Paolo",37026882700,,ESPOL,Unidades Académicas,FCV,,,,,,,,
"Proaño-Saraguro, Jaime",57224856866,,ESPOL,Unidades Académicas,FCV,,,,,,,,
"Quito-Avila, Diego F.",36706565100,,ESPOL,Unidades Académicas,FCV,,,,,,,,
"Ratti, M. F.",56014318600,,ESPOL,Unidades Académicas,FCV,,,,,,,,
"Reyes Lopez, Mariela Felisa",57226133669,,ESPOL,Unidades Académicas,FCV,,,,,,,,
"Rodríguez, Jenny",7404697073,,ESPOL,Unidades Académicas,FCV,,,,,,,,
"Ruíz, Edwin Rolando Jiménez",57208081632,,ESPOL,Unidades Académicas,FCV,,,,,,,,
"Santos, Adriana",57201857436,,ESPOL,Unidades Académicas,FCV,,,,,,,,
"Santos-Ordóñez, E.",57219913136,,ESPOL,Unidades Académicas,FCV,,,,,,,,
"Sosa, Daynet",57191692739,,ESPOL,Unidades Académicas,FCV,,,,,,,,
"Sánchez Timm, Eduardo",55774563900,,ESPOL,Unidades Académicas,FCV,,,,,,,,
"Tirapé, Ana",8575128700,,ESPOL,Unidades Académicas,FCV,,,,,,,,
"Van Den Hende, Sofie",6504035501,,ESPOL,Unidades Académicas,FCV,,,,,,,,
"Villalba, Ricardo",57205530711,,ESPOL,Unidades Académicas,FCV,,,,,,,,
"Galarza-Villamar, Julissa Alexandra",57203951592,,ESPOL,Unidades Académicas,FCV,Becarios FCV,,,,,,,
"Pontón Cevallos, José",57210445830,,ESPOL,Unidades Académicas,FCV,Becarios FCV,,,,,,,
"Párraga-Lema, Cinthia Mariela",57201851010,,ESPOL,Unidades Académicas,FCV,Becarios FCV,,,,,,,
"Riera-Ruiz, Carlos",56224082200,,ESPOL,Unidades Académicas,FCV,Becarios FCV,,,,,,,
"Yockteng-Melgar, Jaime",57204674802,,ESPOL,Unidades Académicas,FCV,Becarios FCV,,,,,,,
"Moyano, Byron",56719579100,,ESPOL,Unidades Académicas,FCV,Técnicos de investigación,,,,,,,
"Alarcón, Andreina",57204468182,,ESPOL,Unidades Académicas,FICT,,,,,,,,
"Anchundia, Johanna Zambrano",57204842623,,ESPOL,Unidades Académicas,FICT,,,,,,,,
"Arcentales, Danilo",57211357202,,ESPOL,Unidades Académicas,FICT,,,,,,,,
"Arias-Hidalgo, Mijail",36493874100,,ESPOL,Unidades Académicas,FICT,,,,,,,,
"Besenzon, Davide",57199715326,,ESPOL,Unidades Académicas,FICT,,,,,,,,
"Paúl, Carrión Maldonado Freddy",57220073754,,ESPOL,Unidades Académicas,FICT,,,,,,,,
"Carrión-Mero, Paúl",57208038096,,ESPOL,Unidades Académicas,FICT,,,,,,,,
"Egüez Álava, Hugo",7801444145,,ESPOL,Unidades Académicas,FICT,,,,,,,,
"Escobar-Segovia, Kenny",57211353817,,ESPOL,Unidades Académicas,FICT,,,,,,,,
"Falquez, D. A.",57263405500,,ESPOL,Unidades Académicas,FICT,,,,,,,,
"Garces, Daniel",56648306100,,ESPOL,Unidades Académicas,FICT,,,,,,,,
"Garcia-Troncoso, Natividad",57243724200,,ESPOL,Unidades Académicas,FICT,,,,,,,,
"García-Vela, M. T.",57263776600,,ESPOL,Unidades Académicas,FICT,,,,,,,,
"Hidalgo, Samantha",57221700432,,ESPOL,Unidades Académicas,FICT,,,,,,,,
"Jiménez-Oyola, Samantha",57212627942,,ESPOL,Unidades Académicas,FICT,,,,,,,,
"Jiménez-Orellana, Nelson",57218629114,,ESPOL,Unidades Académicas,FICT,,,,,,,,
"Larreta, Erwin",57210441550,,ESPOL,Unidades Académicas,FICT,,,,,,,,
"Lliguizaca-Davila, Jorge",57220076517,,ESPOL,Unidades Académicas,FICT,,,,,,,,
"Loaiza, S.",57262868800,,ESPOL,Unidades Académicas,FICT,,,,,,,,
"Mendoza, Jorge S.",7102491752,,ESPOL,Unidades Académicas,FICT,,,,,,,,
"Merchan-Sanmartín, Bethy",57226634700,,ESPOL,Unidades Académicas,FICT,,,,,,,,
"Montenegro, Galo",56182643100,,ESPOL,Unidades Académicas,FICT,,,,,,,,
"Mulas, Maurizio",55273568900,,ESPOL,Unidades Académicas,FICT,,,,,,,,
"Peña-Carpio, Elizabeth",56662203300,,ESPOL,Unidades Académicas,FICT,,,,,,,,
"Pincay, W.",57211353222,,ESPOL,Unidades Académicas,FICT,,,,,,,,
"Rodríguez, Carlos Raúl",57188682250,,ESPOL,Unidades Académicas,FICT,,,,,,,,
"Rojas, Pedro",57206415452,,ESPOL,Unidades Académicas,FICT,,,,,,,,
"Romero, Paola",57039020600,,ESPOL,Unidades Académicas,FICT,,,,,,,,
"Sanclemente, Eddy",37073229000,,ESPOL,Unidades Académicas,FICT,,,,,,,,
"Valverde, P.",57209340713,,ESPOL,Unidades Académicas,FICT,,,,,,,,
"Vargas-Gutiérrez, Xavier",57211354393,,ESPOL,Unidades Académicas,FICT,,,,,,,,
"Velastegui-Montoya, Andrés",57208080722,,ESPOL,Unidades Académicas,FICT,,,,,,,,
"Vilela, Paulina",57201394172,,ESPOL,Unidades Académicas,FICT,,,,,,,,
"Vitvar, Tomáš",14066709100,,ESPOL,Unidades Académicas,FICT,,,,,,,,
"Agila, W.",8905693300,,ESPOL,Unidades Académicas,FIEC,,,,,,,,
"Alejandro Molina, Otilia Maria",57220185359,,ESPOL,Unidades Académicas,FIEC,,,,,,,,
"Alvarez, María Antonieta",56810259400,,ESPOL,Unidades Académicas,FIEC,,,,,,,,
"Arreaga, Nestor X.",57201854391,,ESPOL,Unidades Académicas,FIEC,,,,,,,,
"Asencio, Jose Luis",57217245534,,ESPOL,Unidades Académicas,FIEC,,,,,,,,
"Avendaño, Allan",56452824600,,ESPOL,Unidades Académicas,FIEC,,,,,,,,
"Aviles, Juan C.",57191971070,,ESPOL,Unidades Académicas,FIEC,,,,,,,,
"Bonilla, Rafael I.",57197990664,,ESPOL,Unidades Académicas,FIEC,,,,,,,,
"Cedeno-Mieles, Vanessa",57204816708,,ESPOL,Unidades Académicas,FIEC,,,,,,,,
"Chavez-Burbano, Patricia",55933475000,,ESPOL,Unidades Académicas,FIEC,,,,,,,,
"Chiluiza, Katherine",55975399800,,ESPOL,Unidades Académicas,FIEC,,,,,,,,
"Collaguazo Jaramillo, Adriana",57209481490,,ESPOL,Unidades Académicas,FIEC,,,,,,,,
"Cordova, Jimmy",57215833527,,ESPOL,Unidades Académicas,FIEC,,,,,,,,
"Cordova-Garcia, Jose",57193746327,,ESPOL,Unidades Académicas,FIEC,,,,,,,,
"Criollo, Ronald",57191225167,,ESPOL,Unidades Académicas,FIEC,,,,,,,,
"Domínguez, Federico",8338734700,CTI |CTI ,ESPOL,Unidades Académicas,FIEC,,,,,,,,
"Endara, Iván",57201686236,,ESPOL,Unidades Académicas,FIEC,,,,,,,,
"Estrada, Rebeca L.",55548968500,CTI |CTI ,ESPOL,Unidades Académicas,FIEC,,,,,,,,
"Falcones, Sixifo",36023483900,,ESPOL,Unidades Académicas,FIEC,,,,,,,,
"Izquierdo, Edgar",38761337600,,ESPOL,Unidades Académicas,FIEC,,,,,,,,
"Marin-Garcia, Ignacio",26633930600,,ESPOL,Unidades Académicas,FIEC,,,,,,,,
"Martín, César A.",55483457600,,ESPOL,Unidades Académicas,FIEC,,,,,,,,
"Mendoza, Luís Eduardo",7006043079,,ESPOL,Unidades Académicas,FIEC,,,,,,,,
"Mera-Gómez, Carlos",57192917757,,ESPOL,Unidades Académicas,FIEC,,,,,,,,
"Monsalve, Carlos",36240865700,,ESPOL,Unidades Académicas,FIEC,,,,,,,,
"Méndez, Gonzalo Gabriel",56725883600,CTI |CTI ,ESPOL,Unidades Académicas,FIEC,,,,,,,,
"Novillo, Francisco",26649094500,,ESPOL,Unidades Académicas,FIEC,,,,,,,,
"Núñez, Alfredo",57202943011,,ESPOL,Unidades Académicas,FIEC,,,,,,,,
"Paillacho, Dennys",56084736200,,ESPOL,Unidades Académicas,FIEC,,,,,,,,
"Peláez, Enrique",57350001200,,ESPOL,Unidades Académicas,FIEC,,,,,,,,
"Ramos, Boris",34168263700,,ESPOL,Unidades Académicas,FIEC,,,,,,,,
"Realpe, Miguel",23393955200,,ESPOL,Unidades Académicas,FIEC,,,,,,,,
"Rengifo, Johnny",55803843500,,ESPOL,Unidades Académicas,FIEC,,,,,,,,
"Rubio, Gomer A.",57205583681,,ESPOL,Unidades Académicas,FIEC,,,,,,,,
"Salcan-Reyes, Gabriela",57205376521,,ESPOL,Unidades Académicas,FIEC,,,,,,,,
"Sanchez Padilla, Vladimir",57223029085,,ESPOL,Unidades Académicas,FIEC,,,,,,,,
"Sappa, A. D.",6603014642,,ESPOL,Unidades Académicas,FIEC,,,,,,,,
"Tapia-Rosero, Ana",55867179100,,ESPOL,Unidades Académicas,FIEC,,,,,,,,
"Tibau, Javier",56779975500,,ESPOL,Unidades Académicas,FIEC,,,,,,,,
"Torres, Miguel A.",57206660598,,ESPOL,Unidades Académicas,FIEC,,,,,,,,
"Urquizo, Javier",56587876500,,ESPOL,Unidades Académicas,FIEC,,,,,,,,
"Vaca-Benavides, David Alejandro",57203634772,,ESPOL,Unidades Académicas,FIEC,,,,,,,,
"Vaca-Urbano, Fernando",57201133241,,ESPOL,Unidades Académicas,FIEC,,,,,,,,
"Velasquez, Washington",57203744720,,ESPOL,Unidades Académicas,FIEC,,,,,,,,
"Vintimilla, Boris X.",6507077933,,ESPOL,Unidades Académicas,FIEC,,,,,,,,
"Alvarez-Alvarado, Manuel S.",57193225079,,ESPOL,Unidades Académicas,FIEC,Becarios FIEC,,,,,,,
"Añazco, Edwin Valarezo",57196190020,,ESPOL,Unidades Académicas,FIEC,Becarios FIEC,,,,,,,
"Cajo, Ricardo",57148422200,,ESPOL,Unidades Académicas,FIEC,Becarios FIEC,,,,,,,
"Cevallos-Valdiviezo, Holger",56595230300,,ESPOL,Unidades Académicas,FIEC,Becarios FIEC,,,,,,,
"Echeverria, Vanessa",56016639400,,ESPOL,Unidades Académicas,FIEC,Becarios FIEC,,,,,,,
"Espinal, Albert",57211387582,,ESPOL,Unidades Académicas,FIEC,Becarios FIEC,,,,,,,
"Galarza, Christian E.",57147632900,,ESPOL,Unidades Académicas,FIEC,Becarios FIEC,,,,,,,
"Gómez, Jorge",57189024928,,ESPOL,Unidades Académicas,FIEC,Becarios FIEC,,,,,,,
"Herrera, Efrén V.",57205126477,,ESPOL,Unidades Académicas,FIEC,Becarios FIEC,,,,,,,
"Luzardo, Gonzalo",55976123500,,ESPOL,Unidades Académicas,FIEC,Becarios FIEC,,,,,,,
"Medina, Washington",57189027020,,ESPOL,Unidades Académicas,FIEC,Becarios FIEC,,,,,,,
"Ortega, Andre P.",35218059800,,ESPOL,Unidades Académicas,FIEC,Becarios FIEC,,,,,,,
"Recalde, Angel Andres",57191481718,,ESPOL,Unidades Académicas,FIEC,Becarios FIEC,,,,,,,
"Rios Orellana, Sara Judith",57220591147,,ESPOL,Unidades Académicas,FIEC,Becarios FIEC,,,,,,,
"Rodríguez, Jorge",57204717075,,ESPOL,Unidades Académicas,FIEC,Becarios FIEC,,,,,,,
"Salazar, Carlos A.",57192643923,,ESPOL,Unidades Académicas,FIEC,Becarios FIEC,,,,,,,
"Valdivieso, Carlos",56891368300,,ESPOL,Unidades Académicas,FIEC,Becarios FIEC,,,,,,,
"Wong-Villacrés, Marisol",39062324300,,ESPOL,Unidades Académicas,FIEC,Becarios FIEC,,,,,,,
"Yánez-Pazmiño, Wendy",57193812485,,ESPOL,Unidades Académicas,FIEC,Becarios FIEC,,,,,,,
"Abad, Cristina L.",22957218500,,ESPOL,Unidades Académicas,FIEC,CTD,,,,,,,
"Ochoa, Daniel",36795354300,,ESPOL,Unidades Académicas,FIEC,CTD,,,,,,,
"Plaza, Douglas Antonio",24829599200,,ESPOL,Unidades Académicas,FIEC,CTD,,,,,,,
"Vaca, Carmen",57201576771,,ESPOL,Unidades Académicas,FIEC,CTD,,,,,,,
"Vargas, German R.",36631075000,,ESPOL,Unidades Académicas,FIEC,CTD,,,,,,,
"Villavicencio, Monica",54914547100,,ESPOL,Unidades Académicas,FIEC,CTD,,,,,,,
"Asanza, Victor",57192640451,,ESPOL,Unidades Académicas,FIEC,Estudiantes de posgrado,,,,,,,
"Boza, Edwin F.",57196238001,,ESPOL,Unidades Académicas,FIEC,Estudiantes de posgrado,,,,,,,
"Chalén, Marjorie",57201590212,,ESPOL,Unidades Académicas,FIEC,Estudiantes de posgrado,,,,,,,
"Charco, Jorge L.",57208394659,,ESPOL,Unidades Académicas,FIEC,Estudiantes de posgrado,,,,,,,
"Cruz, Eduardo",57207568864,,ESPOL,Unidades Académicas,FIEC,Estudiantes de posgrado,,,,,,,
"Fiallos, Angel",57195288805,,ESPOL,Unidades Académicas,FIEC,Estudiantes de posgrado,,,,,,,
"Garcia, Juan Carlos",55757784126,,ESPOL,Unidades Académicas,FIEC,Estudiantes de posgrado,,,,,,,
"Jácome-Galarza, Luis Roberto",57190661994,,ESPOL,Unidades Académicas,FIEC,Estudiantes de posgrado,,,,,,,
"Magallanes, Jorge",57204396161,,ESPOL,Unidades Académicas,FIEC,Estudiantes de posgrado,,,,,,,
"Mendieta, Milton V.",57201689568,,ESPOL,Unidades Académicas,FIEC,Estudiantes de posgrado,,,,,,,
"Quevedo, Sebastian",57215834187,,ESPOL,Unidades Académicas,FIEC,Estudiantes de posgrado,,,,,,,
"Rivadeneira, Rafael E.",57210803558,,ESPOL,Unidades Académicas,FIEC,Estudiantes de posgrado,,,,,,,
"Sornoza, Lissenia I.",57217198557,,ESPOL,Unidades Académicas,FIEC,Estudiantes de posgrado,,,,,,,
"Suárez, Patricia L.",57194765069,,ESPOL,Unidades Académicas,FIEC,Estudiantes de posgrado,,,,,,,
"Torres, Johnny",57189465593,,ESPOL,Unidades Académicas,FIEC,Estudiantes de posgrado,,,,,,,
"Asanza, Victor",57192640451,,ESPOL,Unidades Académicas,FIEC,Estudiantes de posgrado,,,,,,,
"Boza, Edwin F.",57196238001,,ESPOL,Unidades Académicas,FIEC,Estudiantes de posgrado,,,,,,,
"Chalén, Marjorie",57201590212,,ESPOL,Unidades Académicas,FIEC,Estudiantes de posgrado,,,,,,,
"Charco, Jorge L.",57208394659,,ESPOL,Unidades Académicas,FIEC,Estudiantes de posgrado,,,,,,,
"Cruz, Eduardo",57207568864,,ESPOL,Unidades Académicas,FIEC,Estudiantes de posgrado,,,,,,,
"Garcia, Juan Carlos",55757784126,,ESPOL,Unidades Académicas,FIEC,Estudiantes de posgrado,,,,,,,
"Jácome-Galarza, Luis Roberto",57190661994,,ESPOL,Unidades Académicas,FIEC,Estudiantes de posgrado,,,,,,,
"Magallanes, Jorge",57204396161,,ESPOL,Unidades Académicas,FIEC,Estudiantes de posgrado,,,,,,,
"Merchan, Freddy",57215834942,,ESPOL,Unidades Académicas,FIEC,Estudiantes de posgrado,,,,,,,
"Quevedo, Sebastian",57215834187,,ESPOL,Unidades Académicas,FIEC,Estudiantes de posgrado,,,,,,,
"Rivadeneira, Rafael E.",57210803558,,ESPOL,Unidades Académicas,FIEC,Estudiantes de posgrado,,,,,,,
"Sornoza, Lissenia I.",57217198557,,ESPOL,Unidades Académicas,FIEC,Estudiantes de posgrado,,,,,,,
"Cortez, Dennys D.",57209911972,,ESPOL,Unidades Académicas,FIEC,Estudiantes de posgrado,,,,,,,
"Asanza, Victor",57192640451,,ESPOL,Unidades Académicas,FIEC,Estudiantes de posgrado,,,,,,,
"Boza, Edwin F.",57196238001,,ESPOL,Unidades Académicas,FIEC,Estudiantes de posgrado,,,,,,,
"Chalén, Marjorie",57201590212,,ESPOL,Unidades Académicas,FIEC,Estudiantes de posgrado,,,,,,,
"Charco, Jorge L.",57208394659,,ESPOL,Unidades Académicas,FIEC,Estudiantes de posgrado,,,,,,,
"Cruz, Eduardo",57207568864,,ESPOL,Unidades Académicas,FIEC,Estudiantes de posgrado,,,,,,,
"Garcia, Juan Carlos",55757784126,,ESPOL,Unidades Académicas,FIEC,Estudiantes de posgrado,,,,,,,
"Jácome-Galarza, Luis Roberto",57190661994,,ESPOL,Unidades Académicas,FIEC,Estudiantes de posgrado,,,,,,,
"Magallanes, Jorge",57204396161,,ESPOL,Unidades Académicas,FIEC,Estudiantes de posgrado,,,,,,,
"Mendieta, Milton V.",57201689568,,ESPOL,Unidades Académicas,FIEC,Estudiantes de posgrado,,,,,,,
"Merchan, Freddy",57215834942,,ESPOL,Unidades Académicas,FIEC,Estudiantes de posgrado,,,,,,,
"Quelal, Rosa E.",57202791799,,ESPOL,Unidades Académicas,FIEC,Estudiantes de posgrado,,,,,,,
"Quevedo, Sebastian",57215834187,,ESPOL,Unidades Académicas,FIEC,Estudiantes de posgrado,,,,,,,
"Rivadeneira, Rafael E.",57210803558,,ESPOL,Unidades Académicas,FIEC,Estudiantes de posgrado,,,,,,,
"Sornoza, Lissenia I.",57217198557,,ESPOL,Unidades Académicas,FIEC,Estudiantes de posgrado,,,,,,,
"Cortez, Dennys D.",57209911972,,ESPOL,Unidades Académicas,FIEC,Estudiantes de posgrado,,,,,,,
"Altamirano, Luis M.",57202863855,,ESPOL,Unidades Académicas,FIMCM,Profesores,,,,,,,
"Andrade-García, Gina",57220068385,,ESPOL,Unidades Académicas,FIMCM,Profesores,,,,,,,
"Argüello-Guevara, W.",55445248900,,ESPOL,Unidades Académicas,FIMCM,Profesores,,,,,,,
"Bayot, Bonny",6504224308,,ESPOL,Unidades Académicas,FIMCM,Profesores,,,,,,,
Benites Daniela,57218948995,,ESPOL,Unidades Académicas,FIMCM,Becarios FIMCM,,,,,,,
"Borbor, Mercy Cordova",57200165308,,ESPOL,Unidades Académicas,FIMCM,Profesores,,,,,,,
"Burgos, Francisca A.",57194143469,,ESPOL,Unidades Académicas,FIMCM,Becarios FIMCM,,,,,,,
"Calles, Alba",57211586629,,ESPOL,Unidades Académicas,FIMCM,Profesores,,,,,,,
"Cedeño, Jonathan",57220067487,,ESPOL,Unidades Académicas,FIMCM,Profesores,,,,,,,
"Cervantes, Eduardo",57211587417,,ESPOL,Unidades Académicas,FIMCM,Profesores,,,,,,,
"Cornejo-Rodriguez, Maria del Pilar",57189254420,,ESPOL,Unidades Académicas,FIMCM,Profesores,,,,,,,
"Landívar, Jerry J.",57189731375,,ESPOL,Unidades Académicas,FIMCM,Profesores,,,,,,,
"Marquez, Adrian",37665506700,,ESPOL,Unidades Académicas,FIMCM,Profesores,,,,,,,
"Martillo, Carlos",56305394000,,ESPOL,Unidades Académicas,FIMCM,Profesores,,,,,,,
"Marín-López, José R.",57222641137,,ESPOL,Unidades Académicas,FIMCM,Profesores,,,,,,,
"Mendoza, Jorge I.",57329314300,,ESPOL,Unidades Académicas,FIMCM,Profesores,,,,,,,
"Munoz-Agila, Nadia",57218190165,,ESPOL,Unidades Académicas,FIMCM,Profesores,,,,,,,
"Muñoz-Naranjo, Marcelo",57201675885,,ESPOL,Unidades Académicas,FIMCM,Profesores,,,,,,,
"Nolivos-Alvarez, Indira",55184033800,,ESPOL,Unidades Académicas,FIMCM,Profesores,,,,,,,
"Ormaza-González, Franklin Isaac",6506478826,,ESPOL,Unidades Académicas,FIMCM,Profesores,,,,,,,
"Osorio, Victor",57200913770,,ESPOL,Unidades Académicas,FIMCM,Profesores,,,,,,,
"Paredes, Ruben J.",57193206570,,ESPOL,Unidades Académicas,FIMCM,Profesores,,,,,,,
Recalde Cristina,57188953799,,ESPOL,Unidades Académicas,FIMCM,Becarios FIMCM,,,,,,,
"Rincón, Gladys",55945280500,,ESPOL,Unidades Académicas,FIMCM,Profesores,,,,,,,
"Saltos-Andrade, Iván",57220072731,,ESPOL,Unidades Académicas,FIMCM,Profesores,,,,,,,
"Sonnenholzner, Stanislaus",18438697500,,ESPOL,Unidades Académicas,FIMCM,Profesores,,,,,,,
"Townsend, Patrick",57193334988,,ESPOL,Unidades Académicas,FIMCM,Profesores,,,,,,,
"Abad, Andres G.",55965684700,,ESPOL,Unidades Académicas,FIMCP,,,,,,,,
"Abad-Morán, Jorge",57201861538,,ESPOL,Unidades Académicas,FIMCP,,,,,,,,
"Adanaque-Bravo, Ingrid",57273930900,,ESPOL,Unidades Académicas,FIMCP,,,,,,,,
"Alcivar, Isabel",57034224300,,ESPOL,Unidades Académicas,FIMCP,,,,,,,,
"Amaya, Jorge Luis",57195837133,,ESPOL,Unidades Académicas,FIMCP,,,,,,,,
"Astudillo, Dolores",57220776692,,ESPOL,Unidades Académicas,FIMCP,,,,,,,,
"Barcia, Kleber F.",57201853216,,ESPOL,Unidades Académicas,FIMCP,,,,,,,,
"Baykara, Haci",9244086100,,ESPOL,Unidades Académicas,FIMCP,,,,,,,,
"Boero, Andrea Jael",57188681313,,ESPOL,Unidades Académicas,FIMCP,,,,,,,,
"Buestán, Marcos N.",57196019074,,ESPOL,Unidades Académicas,FIMCP,,,,,,,,
"Castillo-Orozco, Eduardo",56993767200,,ESPOL,Unidades Académicas,FIMCP,,,,,,,,
"Castro, Livingston D.",57205602462,,ESPOL,Unidades Académicas,FIMCP,,,,,,,,
"Coello, Karín E.",57224474382,,ESPOL,Unidades Académicas,FIMCP,,,,,,,,
"Cornejo, Fabiola",56403042100,,ESPOL,Unidades Académicas,FIMCP,,,,,,,,
"Cornejo, Mauricio Heriberto",57224322470,,ESPOL,Unidades Académicas,FIMCP,,,,,,,,
"Coronel-León, Jonathan",56538670900,,ESPOL,Unidades Académicas,FIMCP,,,,,,,,
"Criollo, Paulina",57220103944,,ESPOL,Unidades Académicas,FIMCP,,,,,,,,
"Cáceres, Patricio J.",55973941700,,ESPOL,Unidades Académicas,FIMCP,,,,,,,,
"Duque-Rivera, Jorge W.",55199480800,,ESPOL,Unidades Académicas,FIMCP,,,,,,,,
"Espinoza-Andaluz, Mayken",57221228898,,ESPOL,Unidades Académicas,FIMCP,,,,,,,,
"Fajardo-Pruna, Marcelo",57195539927,,ESPOL,Unidades Académicas,FIMCP,,,,,,,,
"Helguero, Carlos G.",57190195004,,ESPOL,Unidades Académicas,FIMCP,,,,,,,,
"Hurel, Jorge",55233927000,,ESPOL,Unidades Académicas,FIMCP,,,,,,,,
"Jervis, Freddy X.",36246339800,,ESPOL,Unidades Académicas,FIMCP,,,,,,,,
"Loayza, Francis R.",28267792700,,ESPOL,Unidades Académicas,FIMCP,,,,,,,,
"López, Sofía",57207759775,,ESPOL,Unidades Académicas,FIMCP,,,,,,,,
"Melendres, A. M.",57204766892,,ESPOL,Unidades Académicas,FIMCP,,,,,,,,
"Moreira, Cesar M.",34978993100,,ESPOL,Unidades Académicas,FIMCP,,,,,,,,
"Palacios, Sócrates",57194526625,,ESPOL,Unidades Académicas,FIMCP,,,,,,,,
"Palacios-Cabrera, Héctor",6504455658,,ESPOL,Unidades Académicas,FIMCP,,,,,,,,
"Paredes, Cecilia A.",7006458592,,ESPOL,Unidades Académicas,FIMCP,,,,,,,,
"Perugachi, Rodrigo",57201857453,,ESPOL,Unidades Académicas,FIMCP,,,,,,,,
"Puruncajas, Bryan",57217172264,,ESPOL,Unidades Académicas,FIMCP,,,,,,,,
"Pérez, Cinthia C.",57196023646,,ESPOL,Unidades Académicas,FIMCP,,,,,,,,
"Ramirez, Angel Diego",53865403200,,ESPOL,Unidades Académicas,FIMCP,,,,,,,,
"Rigail-Cedeño, Andrés",8905349600,,ESPOL,Unidades Académicas,FIMCP,,,,,,,,
"Rivas, Ana Luisa",7005714951,,ESPOL,Unidades Académicas,FIMCP,,,,,,,,
"Rodríguez, Denise",56575911500,,ESPOL,Unidades Académicas,FIMCP,,,,,,,,
"Romero-Peña, Maria",57244745400,,ESPOL,Unidades Académicas,FIMCP,,,,,,,,
"Salas, Daniel Andrés",57188689543,,ESPOL,Unidades Académicas,FIMCP,,,,,,,,
"Salazar, Rómulo",55188813700,,ESPOL,Unidades Académicas,FIMCP,,,,,,,,
"Saldarriaga, Carlos",57222549377,,ESPOL,Unidades Académicas,FIMCP,,,,,,,,
"Silva, Christian",56937628900,,ESPOL,Unidades Académicas,FIMCP,,,,,,,,
"Silva-Leon, Jorge",57197806178,,ESPOL,Unidades Académicas,FIMCP,,,,,,,,
"Soriano, Guillermo",24330258500,Director|Director,ESPOL,Unidades Académicas,FIMCP,,,,,,,,
"Tagle Freire, Danny",57203914431,,ESPOL,Unidades Académicas,FIMCP,,,,,,,,
"Tapia-Bastidas, Clotario V.",57195475502,,ESPOL,Unidades Académicas,FIMCP,,,,,,,,
"Tutivén, Christian",56677700300,,ESPOL,Unidades Académicas,FIMCP,,,,,,,,
"Yepez, Ximena V.",57191478764,,ESPOL,Unidades Académicas,FIMCP,,,,,,,,
"Almeida Pazmiño, Gonzalo A.",57208125198,,ESPOL,Unidades Académicas,FIMCP,Becarios FIMCP,,,,,,,
"Gutiérrez López, Jenny",57204004048,,ESPOL,Unidades Académicas,FIMCP,Becarios FIMCP,,,,,,,
"Macias-Aguayo, Jaime",57211355921,,ESPOL,Unidades Académicas,FIMCP,Becarios FIMCP,,,,,,,
"Murrieta, María Elena",57201855390,,ESPOL,Unidades Académicas,FIMCP,Becarios FIMCP,,,,,,,
"Siguenza-Alvarado, Diego",57190758149,,ESPOL,Unidades Académicas,FIMCP,Becarios FIMCP,,,,,,,
"Yumbla, Francisco",57201852791,,ESPOL,Unidades Académicas,FIMCP,Becarios FIMCP,,,,,,,
"Delgado-Plaza, Emérita",57201852080,,ESPOL,Unidades Académicas,FIMCP,CDTS ,,,,,,,
"Maldonado, Fausto",57201852634,,ESPOL,Unidades Académicas,FIMCP,CDTS ,,,,,,,
"Peralta-Jaramillo, Juan",57034239100,,ESPOL,Unidades Académicas,FIMCP,CDTS ,,,,,,,
"Quilambaqui Jara, Miguel Angel",57206770125,,ESPOL,Unidades Académicas,FIMCP,CDTS ,,,,,,,
"Zabala, Gonzalo",57191724800,,ESPOL,Unidades Académicas,FIMCP,CDTS ,,,,,,,
"Guaman-Quintanilla, Sharon",57211349153,,ESPOL,Unidades Académicas,I3LAB,,,,,,,,
"Glenda, Sánchez",57211354747,,ESPOL,Unidades Académicas,I3LAB,,,,,,,,
