Author,Scopus Author ID,Tags,Level 1,Level 2,Level 3,Level 4
"Matamoros, David E.",12141256000,,ESPOL,Centros de Investigación Institucional,CADS,
"Nolivos-Alvarez, Indira",55184033800,,ESPOL,Centros de Investigación Institucional,CADS,
"Arias-Hidalgo, Mijail",36493874100,,ESPOL,Centros de Investigación Institucional,CADS,
"Martillo, Carlos",56305394000,,ESPOL,Centros de Investigación Institucional,CADS,
"Domínguez-Granda, Luis",6505735502,,ESPOL,Centros de Investigación Institucional,CADS,
"Mosquera-Romero, Suanny",57230375500,,ESPOL,Centros de Investigación Institucional,CADS,
"López, Carlos",57129070200,,ESPOL,Centros de Investigación Institucional,CADS,
"Ramos-Veliz, John Alex",57224516032,,ESPOL,Centros de Investigación Institucional,CADS,
"Zabala, Gonzalo",57191724800,,ESPOL,Centros de Investigación vinculados a la Facultad,CDTS,
"Quilambaqui, Miguel Angel",57206770125,,ESPOL,Centros de Investigación vinculados a la Facultad,CDTS,
"Peralta-Jaramillo, Juan",57034239100,,ESPOL,Centros de Investigación vinculados a la Facultad,CDTS,
"Delgado-Plaza, Emérita",57201852080,,ESPOL,Centros de Investigación vinculados a la Facultad,CDTS,
"Maldonado, Fausto",57201852634,,ESPOL,Centros de Investigación vinculados a la Facultad,CDTS,
"Durazno, Galo A.",55566834200,,ESPOL,Centros de Investigación vinculados a la Facultad,CDTS,
"Duque-Rivera, Jorge W.",55199480800,,ESPOL,Centros de Investigación vinculados a la Facultad,CDTS,
"Barcia, Kleber F.",57201853216,,ESPOL,Centros de Investigación vinculados a la Facultad,CDTS,
"Marcos, Jorge G.",57191885109,,ESPOL,Centros de Investigación vinculados a la Facultad,CEAA,
"Lager, Marie Therese",58520371500,,ESPOL,Centros de Investigación vinculados a la Facultad,CEAA,
"Mongeló, Guilherme Z",40461869000,,ESPOL,Centros de Investigación vinculados a la Facultad,CEAA,
"Mora Mendoza, A.",57203120675,,ESPOL,Centros de Investigación vinculados a la Facultad,CEAA,
"Rodríguez, Jenny",7404697073,,ESPOL,Centros de Investigación Institucional,CENAIM,
"Bayot, Bonny",6504224308,,ESPOL,Centros de Investigación Institucional,CENAIM,
"Sonnenholzner, Stanislaus",18438697500,,ESPOL,Centros de Investigación Institucional,CENAIM,
"Argüello Guevara, W.",55445248900,,ESPOL,Centros de Investigación Institucional,CENAIM,
"Tomalá, Cecilia",57208798666,,ESPOL,Centros de Investigación Institucional,CENAIM,
"Marquez, Adrian",37665506700,,ESPOL,Centros de Investigación Institucional,CENAIM,
"Betancourt, Irma",14830267400,,ESPOL,Centros de Investigación Institucional,CENAIM,
"Panchana, Fanny A.",6504761406,,ESPOL,Centros de Investigación Institucional,CENAIM,
"Agurto, Gabriela",57209882380,,ESPOL,Centros de Investigación Institucional,CENAIM,
"Domínguez-Borbor, Cristóbal",57200542628,,ESPOL,Centros de Investigación Institucional,CENAIM,
"Reinoso, Samira",57203752743,,ESPOL,Centros de Investigación Institucional,CENAIM,
"Rodríguez-Pesantes, Daniel",57197715657,,ESPOL,Centros de Investigación Institucional,CENAIM,
"Jaramillo, Karla B.",57193871936,,ESPOL,Centros de Investigación Institucional,CENAIM,
"Reyes, Jessica Karina",57205611091,,ESPOL,Centros de Investigación Institucional,CENAIM,
"Bohórquez-Cruz, Milton",56461426500,,ESPOL,Centros de Investigación Institucional,CENAIM,
"Pinos-Tamayo, Edgar A.",57223025557,,ESPOL,Centros de Investigación Institucional,CENAIM,
"Patiño, Ricardo S.P.",57203978849,,ESPOL,Centros de Investigación Institucional,CENAIM,
Reyes Guillermo,57200512918,,ESPOL,Centros de Investigación Institucional,CENAIM,
"Moreira, Cesar M.",34978993100,,ESPOL,Centros de Investigación Institucional,CERA,
"Espinoza-Andaluz, Mayken",57221228898,,ESPOL,Centros de Investigación Institucional,CERA,
"Soriano, Guillermo",24330258500,,ESPOL,Centros de Investigación Institucional,CERA,
"Torres, Miguel A.",57206660598,,ESPOL,Centros de Investigación Institucional,CERA,
"Hidalgo-León, Rubén",57205878061,,ESPOL,Centros de Investigación Institucional,CERA,
"Tinoco, Diana L.",57115228200,,ESPOL,Centros de Investigación Institucional,CERA,
"Silva-Leon, Jorge",57197806178,,ESPOL,Centros de Investigación Institucional,CERA,
"Varela, Christopher",57219451077,,ESPOL,Centros de Investigación Institucional,CERA,
"Bonilla-Jaime, Julio Andrés",57211376405,,ESPOL,Centros de Investigación Institucional,CIBE,
"Cevallos-Cevallos, Juan Manuel",26632840200,,ESPOL,Centros de Investigación Institucional,CIBE,
"Chávez-Navarrete, Tatiana Paola",57188977569,,ESPOL,Centros de Investigación Institucional,CIBE,
"Chóez-Guaranda, Iván Andrés",57118333700,,ESPOL,Centros de Investigación Institucional,CIBE,
"Chong-Aguirre, Pablo Antonio",57200597590,,ESPOL,Centros de Investigación Institucional,CIBE,
"Coronel-León, Jonathan Ricardo",56538670900,,ESPOL,Centros de Investigación Institucional,CIBE,
"Díez-García, Nardy del Valle",57224005517,,ESPOL,Centros de Investigación Institucional,CIBE,
"Espinoza-Lozano, Rodrigo Fernando",57192191677,,ESPOL,Centros de Investigación Institucional,CIBE,
"García-Onofre, José Antonio",57220937732,,ESPOL,Centros de Investigación Institucional,CIBE,
"Magdama-Tobar, Freddy Arturo",57208673500,,ESPOL,Centros de Investigación Institucional,CIBE,
"Manzano-Santana, Patricia Isabel",55619354500,,ESPOL,Centros de Investigación Institucional,CIBE,
"Maridueña-Zavala, María Gabriela",56118670300,,ESPOL,Centros de Investigación Institucional,CIBE,
"Monserrate-Maggi, Bertha Lorena",56545795400,,ESPOL,Centros de Investigación Institucional,CIBE,
"Pacheco-Coello, Ricardo Humberto",57188976620,,ESPOL,Centros de Investigación Institucional,CIBE,
"Quevedo-Pinos, Adela Rosalva",57208665744,,ESPOL,Centros de Investigación Institucional,CIBE,
"Quito-Avila, Diego Fernando",36706565100,,ESPOL,Centros de Investigación Institucional,CIBE,
"Ratti-Torres, María Fernanda",56014318600,,ESPOL,Centros de Investigación Institucional,CIBE,
"Sánchez-Timm, Luis Eduardo",55774563900,,ESPOL,Centros de Investigación Institucional,CIBE,
"Santos-Ordóñez, Efrén Germán",57219913136,,ESPOL,Centros de Investigación Institucional,CIBE,
"Serrano-Mena, Lizette Verónica",57208675201,,ESPOL,Centros de Investigación Institucional,CIBE,
"Sosa del Castillo, Daynet",57191692739,,ESPOL,Centros de Investigación Institucional,CIBE,
"Vargas-Pérez, Jeffrey David",56223964000,,ESPOL,Centros de Investigación Institucional,CIBE,
"Vera-Morales, Marcos Xavier",57220206122,,ESPOL,Centros de Investigación Institucional,CIBE,
"Villao-Uzho, Liliana Elizabeth",57188986962,,ESPOL,Centros de Investigación Institucional,CIBE,
"Villavicencio-Vásquez, Mirian Elizabeth",57218873859,,ESPOL,Centros de Investigación Institucional,CIBE,
"Viteri-Espinoza, Rafael Antonio",57218870363,,ESPOL,Centros de Investigación Institucional,CIBE,
"Agila, W.",8905693300,,ESPOL,Centros de Investigación Institucional,CIDIS,
"Paillacho, Dennys",56084736200,,ESPOL,Centros de Investigación Institucional,CIDIS,
"Suárez, Patricia L.",57194765069,,ESPOL,Centros de Investigación Institucional,CIDIS,
"Calderón, Fernanda",57201850102,,ESPOL,Centros de Investigación Institucional,CIDIS,
"Rivadeneira, Rafael E.",57210803558,,ESPOL,Centros de Investigación Institucional,CIDIS,
"Sappa, A. D.",6603014642,,ESPOL,Centros de Investigación Institucional,CIDIS,
"Vintimilla, Boris X.",6507077933,,ESPOL,Centros de Investigación Institucional,CIDIS,
"Realpe, Miguel",23393955200,,ESPOL,Centros de Investigación Institucional,CIDIS,
"Cornejo, Mauricio Heriberto",57224322470,,ESPOL,Centros de Investigación Institucional,CIDNA,
"Rigail-Cedeño, Andrés",8905349600,,ESPOL,Centros de Investigación Institucional,CIDNA,
"Guarochico-Moreira, Víctor",57200414518,,ESPOL,Centros de Investigación Institucional,CIDNA,
"Baykara, Haci",9244086100,,ESPOL,Centros de Investigación Institucional,CIDNA,
"Atencio, Reinaldo",55880919000,,ESPOL,Centros de Investigación Institucional,CIDNA,
"Iza, P.",12144062100,,ESPOL,Centros de Investigación Institucional,CIDNA,
"Garcia-Troncoso, Natividad",57243724200,,ESPOL,Centros de Investigación Institucional,CIDNA,
"Riofrio, Ariel",57223214498,,ESPOL,Centros de Investigación Institucional,CIDNA,
"Campoverde, Ronald",57211356171,,ESPOL,Centros de Investigación vinculados a la Facultad,CIEC,
"Sánchez-Aragón, Leonardo",57194431560,,ESPOL,Centros de Investigación vinculados a la Facultad,CIEC,
"Alencastro, Liliana",58144070700,,ESPOL,Centros de Investigación vinculados a la Facultad,CIEC,
"Moscoso, Bernard",57940488400,,ESPOL,Centros de Investigación vinculados a la Facultad,CIEC,
"Yoong-Parraga, Cristina",57216488438,,ESPOL,Centros de Investigación vinculados a la Facultad,CIEC,
"Castillo, José Gabriel",57214066569,,ESPOL,Centros de Investigación vinculados a la Facultad,CIEC,
"Sánchez, Gonzalo E.",57191962187,,ESPOL,Centros de Investigación vinculados a la Facultad,CIEC,
"Cornejo-Rodriguez, Maria del Pilar",57189254420,,ESPOL,Centros de Investigación Institucional,CIP-RRD,
"Ormaza-González, Franklin Isaac",6506478826,,ESPOL,Centros de Investigación Institucional,CIP-RRD,
"Borbor-Cordova, Mercy",57200165308,,ESPOL,Centros de Investigación Institucional,CIP-RRD,
"Ruiz-Martínez, Miguel",57211658271,,ESPOL,Centros de Investigación Institucional,CIP-RRD,
"Castillo, María José",24461218700,,ESPOL,Centros de Investigación Institucional,CIP-RRD,
"Delgado, Erwin",57226779473,,ESPOL,Centros de Investigación Institucional,CIP-RRD,
"Cedeño, Jonathan",57220067487,,ESPOL,Centros de Investigación Institucional,CIP-RRD,
"Roa-López, Heydi Mariana",57874571300,,ESPOL,Centros de Investigación Institucional,CIP-RRD,
"Rincón, Gladys",55945280500,,ESPOL,Centros de Investigación Institucional,CIP-RRD,
"Andrade-García, Gina",57220068385,,ESPOL,Centros de Investigación Institucional,CIP-RRD,
"Valdiviezo-Ajila, Angel A.",57220637187,,ESPOL,Centros de Investigación Institucional,CIP-RRD,
"Caiza Quinga, Rommel",57218441880,,ESPOL,Centros de Investigación Institucional,CIP-RRD,
"Altamirano, Luis M.",57202863855,,ESPOL,Centros de Investigación Institucional,CIP-RRD,
"Asencio, Jose Luis",57217245534,,ESPOL,Centros de Investigación Institucional,CIP-RRD,
"Morante, Fernando E.",23568713200,,ESPOL,Centros de Investigación Institucional,CIPAT,
"Rojas, Pedro",57206415452,,ESPOL,Centros de Investigación Institucional,CIPAT,
"Merchan-Sanmartín, Bethy",57226634700,,ESPOL,Centros de Investigación Institucional,CIPAT,
"Rodríguez, Denise",56575911500,,ESPOL,Centros de Investigación Institucional,CIPAT,
"Velastegui-Montoya, Andrés",57208080722,,ESPOL,Centros de Investigación Institucional,CIPAT,
"Carrión-Mero, Paúl",57208038096,,ESPOL,Centros de Investigación Institucional,CIPAT,
"Solórzano, Joselyne",57214752857,,ESPOL,Centros de Investigación Institucional,CIPAT,
"Montalvan-Burbano, Nestor",57210814655,,ESPOL,Centros de Investigación Institucional,CIPAT,
"Aguilar-Aguilar, Maribel",57212500505,,ESPOL,Centros de Investigación Institucional,CIPAT,
"Briones-Bitar, Josué",57212500382,,ESPOL,Centros de Investigación Institucional,CIPAT,
"Espinel, Ramón L.",6506640774,,ESPOL,Centros de Investigación vinculados a la Facultad,CIR,
"Domínguez-Andrade, Juan Manuel",57194599642,,ESPOL,Centros de Investigación vinculados a la Facultad,CIR,
"Villa-Cox, Gonzalo",55553169400,,ESPOL,Centros de Investigación vinculados a la Facultad,CIR,
"Rhodes, Lauren A.",57216874311,,ESPOL,Centros de Investigación vinculados a la Facultad,CIR,
"Penafiel, Daniela",52664033100,,ESPOL,Centros de Investigación vinculados a la Facultad,CIR,
"Alava, Eduardo I.",56491014700,,ESPOL,Centros de Investigación vinculados a la Facultad,CIR,
"Abad, Cristina L.",22957218500,,ESPOL,Centros de Investigación vinculados a la Facultad,CTD,
"Plaza, Douglas Antonio",24829599200,,ESPOL,Centros de Investigación vinculados a la Facultad,CTD,
"Vargas, German R.",36631075000,,ESPOL,Centros de Investigación vinculados a la Facultad,CTD,
"Vaca, Carmen",57201576771,,ESPOL,Centros de Investigación vinculados a la Facultad,CTD,
"Ochoa, Daniel",36795354300,,ESPOL,Centros de Investigación vinculados a la Facultad,CTD,
"Cordova-Garcia, Jose",57193746327,,ESPOL,Centros de Investigación vinculados a la Facultad,CTD,
"Collaguazo, Adriana",57209481490,,ESPOL,Centros de Investigación vinculados a la Facultad,CTD,
"Villavicencio, Monica",54914547100,,ESPOL,Centros de Investigación vinculados a la Facultad,CTD,
"Chiluiza, Katherine",55975399800,,ESPOL,Centros de Investigación Institucional,CTI,
"Abad, Andres G.",55965684700,,ESPOL,Centros de Investigación Institucional,CTI,
"Domínguez, Federico",8338734700,,ESPOL,Centros de Investigación Institucional,CTI,
"Echeverria, Vanessa",56016639400,,ESPOL,Centros de Investigación Institucional,CTI,
"Méndez, Gonzalo Gabriel",56725883600,,ESPOL,Centros de Investigación Institucional,CTI,
"Estrada, Rebeca L.",58753754000,,ESPOL,Centros de Investigación Institucional,CTI,
"Mendoza, Patricio",57367531500,,ESPOL,Centros de Investigación Institucional,CTI,
"Martinez, Caril",57235542500,,ESPOL,Centros de Investigación Institucional,CTI,
"Eras, Leonardo",36058820600,,ESPOL,Centros de Investigación Institucional,CTI,
"Moreno, Oscar",57367326300,,ESPOL,Centros de Investigación Institucional,CTI,
"Ortiz-Rojas, Margarita",57188760691,,ESPOL,Centros de Investigación Institucional,CTI,
"Domínguez-Andrade, Juan Manuel",57194599642,,ESPOL,Unidades Académicas,ESPAE,
"Domínguez-Andrade, Juan Manuel",57194599642,,ESPOL,Unidades Académicas,ESPAE,
"Granda, María",57216641341,,ESPOL,Unidades Académicas,ESPAE,
"Granda, María",57216641341,,ESPOL,Unidades Académicas,ESPAE,
"Ordeñana, Xavier",55961691000,,ESPOL,Unidades Académicas,ESPAE,
"Castillo, María José",57224398122,,ESPOL,Unidades Académicas,ESPAE,
"Castillo, María José",57224398122,,ESPOL,Unidades Académicas,ESPAE,
"Wong, Sara A.",7404590678,,ESPOL,Unidades Académicas,ESPAE,
"Wong, Sara A.",7404590678,,ESPOL,Unidades Académicas,ESPAE,
"Lasio, Virginia",36056968000,,ESPOL,Unidades Académicas,ESPAE,
"Lasio, Virginia",36056968000,,ESPOL,Unidades Académicas,ESPAE,
"Lasio, Virginia",36056968000,,ESPOL,Unidades Académicas,ESPAE,
"Lasio, Virginia",36056968000,,ESPOL,Unidades Académicas,ESPAE,
"Lasio, Virginia",36056968000,,ESPOL,Unidades Académicas,ESPAE,
"Rodriguez, Jorge A.",56316997000,,ESPOL,Unidades Académicas,ESPAE,
"Rodriguez, Jorge A.",56316997000,,ESPOL,Unidades Académicas,ESPAE,
"Rodriguez, Jorge A.",56316997000,,ESPOL,Unidades Académicas,ESPAE,
"Rodriguez, Jorge A.",56316997000,,ESPOL,Unidades Académicas,ESPAE,
"Amaya Rivas, Adriana Andrea",57194024256,,ESPOL,Unidades Académicas,ESPAE,
"Amaya Rivas, Adriana Andrea",57194024256,,ESPOL,Unidades Académicas,ESPAE,
"Amaya Rivas, Adriana Andrea",57194024256,,ESPOL,Unidades Académicas,ESPAE,
"Amaya Rivas, Adriana Andrea",57194024256,,ESPOL,Unidades Académicas,ESPAE,
"Ochoa, Paola",57194747139,,ESPOL,Unidades Académicas,ESPAE,
"Ochoa, Paola",57194747139,,ESPOL,Unidades Académicas,ESPAE,
"Ochoa, Paola",57194747139,,ESPOL,Unidades Académicas,ESPAE,
"Ochoa, Paola",57194747139,,ESPOL,Unidades Académicas,ESPAE,
"Ochoa, Paola",57194747139,,ESPOL,Unidades Académicas,ESPAE,
"Tello, Michelle",57216908431,,ESPOL,Unidades Académicas,ESPAE,
"Villa-Cox, Ramon",55552870900,,ESPOL,Unidades Académicas,ESPAE,
"De Lourdes Pilay, María",57216874692,,ESPOL,Unidades Académicas,FADCOM,
"Ulloa-López, Paola",57973355800,,ESPOL,Unidades Académicas,FADCOM,
"Balbuena, Iria Cabrera",57218561925,,ESPOL,Unidades Académicas,FADCOM,
"Meza, Marcelo Báez",57208161281,,ESPOL,Unidades Académicas,FADCOM,
"Matovelle Villamar, Ruth",57193527691,,ESPOL,Unidades Académicas,FADCOM,
"Del Pino Espinoza, Ariana Daniela",57876147800,,ESPOL,Unidades Académicas,FADCOM,
"Solorzano, Nayeth I.",57192008773,,ESPOL,Unidades Académicas,FADCOM,
"Polo Blanco, Jorge",57210897813,,ESPOL,Unidades Académicas,FADCOM,
"Bouhaben, Miguel Alfonso",56584400000,,ESPOL,Unidades Académicas,FADCOM,
"Carrera, Diego A.",55648646300,,ESPOL,Unidades Académicas,FADCOM,
"Custoja-Ripoll, María",57391868500,,ESPOL,Unidades Académicas,FADCOM,
"Elizalde Rios, Elizabeth Stefania",57481689800,,ESPOL,Unidades Académicas,FADCOM,
"García León, Ariana Andrea",58201737100,,ESPOL,Unidades Académicas,FADCOM,
"González Lema, Carlos",57201851595,,ESPOL,Unidades Académicas,FADCOM,
"Pino-Acosta, Andrea",57217194138,,ESPOL,Unidades Académicas,FADCOM,
"Torre, Freddy Veloz De La",58201737000,,ESPOL,Unidades Académicas,FADCOM,
"Park Kim, Da Hee",58406098400,,ESPOL,Unidades Académicas,FADCOM,
"Sornoza Quijije, Lissenia Isabel",57209465594,,ESPOL,Unidades Académicas,FADCOM,
"J Álava-Intriago, Juan",58368832700,,ESPOL,Unidades Académicas,FCNM,
"Almeida-Guerra, Paola",7801582875,,ESPOL,Unidades Académicas,FCNM,
"Álvarez, Illych",57220077305,,ESPOL,Unidades Académicas,FCNM,
"Apolo, Héctor I.",57211356922,,ESPOL,Unidades Académicas,FCNM,
"Aponte, J.",57195741207,,ESPOL,Unidades Académicas,FCNM,
"Aponte, Elvis",35279454600,,ESPOL,Unidades Académicas,FCNM,
"Atencio, Reinaldo",55880919000,,ESPOL,Unidades Académicas,FCNM,
"Avilés, Jennifer",58619687000,,ESPOL,Unidades Académicas,FCNM,
"Baquerizo, Guillermo",57220076469,,ESPOL,Unidades Académicas,FCNM,
"Barcia, Andrea",57391621100,,ESPOL,Unidades Académicas,FCNM,
"Barreto, Gabriel",58034545700,,ESPOL,Unidades Académicas,FCNM,
"Barreto, Gabriel",58034545700,,ESPOL,Unidades Académicas,FCNM,
"Bauz-Olvera, Sergio A.",57204286989,,ESPOL,Unidades Académicas,FCNM,
"Bracamonte, Mireya",56046511200,,ESPOL,Unidades Académicas,FCNM,
"Cabezas, Xavier",57219461911,,ESPOL,Unidades Académicas,FCNM,
"Camacho, Katherine",57226436032,,ESPOL,Unidades Académicas,FCNM,
"Cárdenas-Escobar, Nadia",57211353875,,ESPOL,Unidades Académicas,FCNM,
"Catagua-González, Angel",57209538097,,ESPOL,Unidades Académicas,FCNM,
"Cevallos-Valdiviezo, Holger",56595230300,,ESPOL,Unidades Académicas,FCNM,
"Chong, Antonio S.E.",57193308677,,ESPOL,Unidades Académicas,FCNM,
"Cordero, Mishelle",57201682136,,ESPOL,Unidades Académicas,FCNM,
"Daza, Paúl J.",57220077169,,ESPOL,Unidades Académicas,FCNM,
"de Cecchis, Dany",26025935500,,ESPOL,Unidades Académicas,FCNM,
"de Santis Bermeo, David",58692627100,,ESPOL,Unidades Académicas,FCNM,
"Del Rosario, Edison",57193238379,,ESPOL,Unidades Académicas,FCNM,
"Delgado, Erwin J.",57226779473,,ESPOL,Unidades Académicas,FCNM,
"Domínguez-Granda, Luis",6505735502,,ESPOL,Unidades Académicas,FCNM,
"Espinoza, Alexander",57226540889,,ESPOL,Unidades Académicas,FCNM,
"Flores, Nadia",58619942600,,ESPOL,Unidades Académicas,FCNM,
"Flores, Bolívar",57195837149,,ESPOL,Unidades Académicas,FCNM,
"Flores, Francisca",57195837575,,ESPOL,Unidades Académicas,FCNM,
"Galarza, Christian E.",57147632900,,ESPOL,Unidades Académicas,FCNM,
"Galindo-Villardón, Purificación",57223032687,,ESPOL,Unidades Académicas,FCNM,
"Garcia-Angulo, Andrea C.",57572669100,,ESPOL,Unidades Académicas,FCNM,
"García-Bustos, Sandra",55553022100,,ESPOL,Unidades Académicas,FCNM,
"González-Narváez, Mariela",57224307911,,ESPOL,Unidades Académicas,FCNM,
"González, Yris",57218539543,,ESPOL,Unidades Académicas,FCNM,
"Guarochico-Moreira, Víctor",57200414518,,ESPOL,Unidades Académicas,FCNM,
"Gutiérrez M., Esther D.",55801443700,,ESPOL,Unidades Académicas,FCNM,
"Hernández, Cristhian Xavier",57383597100,,ESPOL,Unidades Académicas,FCNM,
"Holguin, Vladimir D",57220071757,,ESPOL,Unidades Académicas,FCNM,
"Iza, P.",12144062100,,ESPOL,Unidades Académicas,FCNM,
"Lamilla-Rubio, Erick A.",57193825729,,ESPOL,Unidades Académicas,FCNM,
"León González, Irina",57883613700,,ESPOL,Unidades Académicas,FCNM,
"López, Alexander",15822529800,,ESPOL,Unidades Académicas,FCNM,
"Mancero-Mosquera, Isaac",6506518022,,ESPOL,Unidades Académicas,FCNM,
"Manzano, Patricia",55619354500,,ESPOL,Unidades Académicas,FCNM,
"Marchan, Luz Elimar",55256270300,,ESPOL,Unidades Académicas,FCNM,
"Martin-Barreiro, Carlos",57219733203,,ESPOL,Unidades Académicas,FCNM,
"Matamoros, David E.",12141256000,,ESPOL,Unidades Académicas,FCNM,
"Mejías, Fernando",57219099296,,ESPOL,Unidades Académicas,FCNM,
"de Lourdes Mendoza, María",56572784400,,ESPOL,Unidades Académicas,FCNM,
"Mendoza, Marcos",57385756900,,ESPOL,Unidades Académicas,FCNM,
"Mera-Intriago, Eva",57220743753,,ESPOL,Unidades Académicas,FCNM,
"Mero-Benavides, Medelyne",57296346200,,ESPOL,Unidades Académicas,FCNM,
"Montero, Eduardo",57814420600,,ESPOL,Unidades Académicas,FCNM,
"Morante, Fernando E.",23568713200,,ESPOL,Unidades Académicas,FCNM,
"Moreira-Villegas, Francisco",57821219600,,ESPOL,Unidades Académicas,FCNM,
"Mosquera-Romero, Suanny",57230375500,,ESPOL,Unidades Académicas,FCNM,
"Muñoz, Kevin",58123884200,,ESPOL,Unidades Académicas,FCNM,
"Noboa, Dalton",57220070706,,ESPOL,Unidades Académicas,FCNM,
"Ordonez, Veronica",58313731200,,ESPOL,Unidades Académicas,FCNM,
"Pabon, Luis",57814220100,,ESPOL,Unidades Académicas,FCNM,
"Pacheco, Yesenia",57214447450,,ESPOL,Unidades Académicas,FCNM,
"Páez Chávez, Joseph",57203173715,,ESPOL,Unidades Académicas,FCNM,
"Pambabay-Calero, Johny J.",57204282340,,ESPOL,Unidades Académicas,FCNM,
"Pastuizaca Fernández, María Nela",56433672500,,ESPOL,Unidades Académicas,FCNM,
"Pazmiño, Arturo",56816750600,,ESPOL,Unidades Académicas,FCNM,
"Pérez, Liliana",51864408100,,ESPOL,Unidades Académicas,FCNM,
"Pinargote, Adriano",57201688159,,ESPOL,Unidades Académicas,FCNM,
"Pineda, Ebner",23978476100,,ESPOL,Unidades Académicas,FCNM,
"Plaza, Eric",36987075800,,ESPOL,Unidades Académicas,FCNM,
"Quiroz, Domingo",8715862300,,ESPOL,Unidades Académicas,FCNM,
"Ramirez-Figueroa, John A.",57219737034,,ESPOL,Unidades Académicas,FCNM,
"Ramos-Barberán, Miriam",57204975703,,ESPOL,Unidades Académicas,FCNM,
"Ramos de Santis, Pedro",58489885200,,ESPOL,Unidades Académicas,FCNM,
"Roa-López, Heydi Mariana",57874571300,,ESPOL,Unidades Académicas,FCNM,
"Roblero, Jorge",58069078100,,ESPOL,Unidades Académicas,FCNM,
"Lima, Lourival",57221670650,,ESPOL,Unidades Académicas,FCNM,
"Rodriguez, Luz",57222023541,,ESPOL,Unidades Académicas,FCNM,
"Romero-Vera, Alex",57211141933,,ESPOL,Unidades Académicas,FCNM,
"Ruiz-Barzola, Omar",57366113100,,ESPOL,Unidades Académicas,FCNM,
"Sandoya, Fernando",55208161800,,ESPOL,Unidades Académicas,FCNM,
"Santos-Torres, Myrian",57219452230,,ESPOL,Unidades Académicas,FCNM,
"Solís, Soveny",57224528498,,ESPOL,Unidades Académicas,FCNM,
"Suárez, Carlos Aníbal",57214464475,,ESPOL,Unidades Académicas,FCNM,
"Tinoco, Diana L.",57115228200,,ESPOL,Unidades Académicas,FCNM,
"Valle, Oswaldo",57193136874,,ESPOL,Unidades Académicas,FCNM,
"Varela, Christopher",57219451077,,ESPOL,Unidades Académicas,FCNM,
"Velasco-Galarza, Víctor",57211136169,,ESPOL,Unidades Académicas,FCNM,
"Vera, Francisco",57188825789,,ESPOL,Unidades Académicas,FCNM,
"Vera-Villalobos, Joan",36678130400,,ESPOL,Unidades Académicas,FCNM,
"Vielma, Jorge",11739250600,,ESPOL,Unidades Académicas,FCNM,
"Vielma, Joel E.",48661504200,,ESPOL,Unidades Académicas,FCNM,
"Zambrano, D.",56990849300,,ESPOL,Unidades Académicas,FCNM,
"Zambrano, Gema",57221696500,,ESPOL,Unidades Académicas,FCNM,
"Espinel, Ramón L.",6506640774,,ESPOL,Unidades Académicas,FCSH,
"Domínguez-Andrade, Juan Manuel",57194599642,,ESPOL,Unidades Académicas,FCSH,
"Mora-Mendoza, A.",57203120675,,ESPOL,Unidades Académicas,FCSH,
"Lager, Marie Therese",58520371500,,ESPOL,Unidades Académicas,FCSH,
"Gavilanes, Julio",57200691311,,ESPOL,Unidades Académicas,FCSH,
"Torres-Naranjo, Mónica",57194415648,,ESPOL,Unidades Académicas,FCSH,
"Méndez Prado, Silvia Mariela",57201256099,,ESPOL,Unidades Académicas,FCSH,
"Bustamante, José M.",57983790600,,ESPOL,Unidades Académicas,FCSH,
"Constantine-Castro, Angelo R.",55957620100,,ESPOL,Unidades Académicas,FCSH,
"González, Víctor Hugo",57200794830,,ESPOL,Unidades Académicas,FCSH,
"Rivadeneyra, Ivan",57222135389,,ESPOL,Unidades Académicas,FCSH,
"Yambay-Armijos, Karen",58103550400,,ESPOL,Unidades Académicas,FCSH,
"Estrada, Leonardo",57862937600,,ESPOL,Unidades Académicas,FCSH,
"Zanzzi, Fabricio",56986512800,,ESPOL,Unidades Académicas,FCSH,
"Rodriguez, Katia",57209714266,,ESPOL,Unidades Académicas,FCSH,
"Sánchez-Aragón, Leonardo",57194431560,,ESPOL,Unidades Académicas,FCSH,
"Guerrero, Alicia",57209451180,,ESPOL,Unidades Académicas,FCSH,
"Yonfá-Medranda, Marcela",57205759796,,ESPOL,Unidades Académicas,FCSH,
"Yoong-Parraga, Cristina",57216488438,,ESPOL,Unidades Académicas,FCSH,
"Espinoza, Nereyda",57209436859,,ESPOL,Unidades Académicas,FCSH,
"Ruano, María Alejandra",57200013837,,ESPOL,Unidades Académicas,FCSH,
"Sánchez, Gonzalo E.",57191962187,,ESPOL,Unidades Académicas,FCSH,
"Barriga, Holger Raul",57201854476,,ESPOL,Unidades Académicas,FCSH,
"Carvache-Franco, Wilmer",57194655663,,ESPOL,Unidades Académicas,FCSH,
"Marcos, Jorge G.",57191885109,,ESPOL,Unidades Académicas,FCSH,
"Sabando-Vera, David",57200796168,,ESPOL,Unidades Académicas,FCSH,
"Maluk Uriguen, Silvia Amira",57214136857,,ESPOL,Unidades Académicas,FCSH,
"León-León, Vanessa",57729455800,,ESPOL,Unidades Académicas,FCSH,
"Salvador-Cisneros, Katherine A.",58262353800,,ESPOL,Unidades Académicas,FCSH,
"Macias, Washington",57196475106,,ESPOL,Unidades Académicas,FCSH,
"Miguel Ruiz, M.",57211658271,,ESPOL,Unidades Académicas,FCSH,
"Campoverde, Ronald",57211356171,,ESPOL,Unidades Académicas,FCSH,
"Villa-Cox, Gonzalo",55553169400,,ESPOL,Unidades Académicas,FCSH,
"Alencastro, Liliana",58144070700,,ESPOL,Unidades Académicas,FCSH,
"Molina-Vera, Andrea",57221599567,,ESPOL,Unidades Académicas,FCSH,
"Pécot, Mathias",57203511499,,ESPOL,Unidades Académicas,FCSH,
"Rhodes, Lauren A.",57216874311,,ESPOL,Unidades Académicas,FCSH,
"Mongeló, Guilherme Z.",40461869000,,ESPOL,Unidades Académicas,FCSH,
"Castillo, José Gabriel",57214066569,,ESPOL,Unidades Académicas,FCSH,
"Penafiel, Daniela",52664033100,,ESPOL,Unidades Académicas,FCSH,
"Ricaurte-Quijano, Carla",57195571363,,ESPOL,Unidades Académicas,FCSH,
"Arévalo-Avecillas, Danny Xavier",57193958766,,ESPOL,Unidades Académicas,FCSH,
"Moscoso, Bernard",57940488400,,ESPOL,Unidades Académicas,FCSH,
"Parrales-Guerrero, Katherine",57433090000,,ESPOL,Unidades Académicas,FCSH,
"Melo, Ester",57220070603,,ESPOL,Unidades Académicas,FCSH,
"Almeida-Cabrera, María",58023447600,,ESPOL,Unidades Académicas,FCSH,
"Borja, Viviana",58750160300,,ESPOL,Unidades Académicas,FCSH,
"Camacho, Maria Helen",56875523900,,ESPOL,Unidades Académicas,FCSH,
"Encalada-Abarca, Luis",57199394866,,ESPOL,Unidades Académicas,FCSH,
"Estrella, Félix",57236647400,,ESPOL,Unidades Académicas,FCSH,
"Elena, Gonzalez Magallanes Yessenia",58618616500,,ESPOL,Unidades Académicas,FCSH,
"Layedra, Nelson",57211357345,,ESPOL,Unidades Académicas,FCSH,
"Marquez-Pinoargote, Claudia",57201861959,,ESPOL,Unidades Académicas,FCSH,
"Martin, Ivonne Antonieta",57819231800,,ESPOL,Unidades Académicas,FCSH,
"Martin-Moreno, Olga",58125872000,,ESPOL,Unidades Académicas,FCSH,
"Moreira-Cuadros, Loretta",57204841136,,ESPOL,Unidades Académicas,FCSH,
"Nacipucha, David",57194336227,,ESPOL,Unidades Académicas,FCSH,
"Paredes-Aguirre, Milton Ismael",57278558700,,ESPOL,Unidades Académicas,FCSH,
"Romero-Montoya, María Elena",57218378468,,ESPOL,Unidades Académicas,FCSH,
"Sanchez-Loor, Daniel A.",55898339000,,ESPOL,Unidades Académicas,FCSH,
"Solórzano, G.",55963018100,,ESPOL,Unidades Académicas,FCSH,
"Soto-Navarrete, Lady",58166433500,,ESPOL,Unidades Académicas,FCSH,
"Valdiviezo-Valenzuela, Patricia",57222064257,,ESPOL,Unidades Académicas,FCSH,
"Cruzatti C., John",57225922249,,ESPOL,Unidades Académicas,FCSH,
"González-Astudillo, Manuel",57200326940,,ESPOL,Unidades Académicas,FCSH,
"Lima, José Luis",56660271700,,ESPOL,Unidades Académicas,FCSH,
"Mendoza-Jiménez, María José",57217651060,,ESPOL,Unidades Académicas,FCSH,
"Molestina, José Luis",57391998900,,ESPOL,Unidades Académicas,FCSH,
"Rivera Naranjo,Carlos Iván",57673900800,,ESPOL,Unidades Académicas,FCSH,
"Lorena, Silva Ordóñez",58620116400,,ESPOL,Unidades Académicas,FCSH,
"Vazquez, José Luis",57222667072,,ESPOL,Unidades Académicas,FCSH,
"Alcívar, Christian Vera",57931536200,,ESPOL,Unidades Académicas,FCSH,
"Andrea Yánez, R.",57391998800,,ESPOL,Unidades Académicas,FCSH,
"Moyano, Byron",56719579100,,ESPOL,Unidades Académicas,FCV,
"Manzano, Patricia",55619354500,,ESPOL,Unidades Académicas,FCV,
"Chong, Pablo",57200597590,,ESPOL,Unidades Académicas,FCV,
"Magdama, Freddy",57208673500,,ESPOL,Unidades Académicas,FCV,
"Sánchez Timm, Eduardo",55774563900,,ESPOL,Unidades Académicas,FCV,
"Herrera, Paúl A.",16552255100,,ESPOL,Unidades Académicas,FCV,
"Silva-Ochoa, Daniel",58673066700,,ESPOL,Unidades Académicas,FCV,
"Proaño-Saraguro, Jaime",57224856866,,ESPOL,Unidades Académicas,FCV,
"Sosa, Daynet",57191692739,,ESPOL,Unidades Académicas,FCV,
"Ruíz, Edwin Rolando Jiménez",58098162300,,ESPOL,Unidades Académicas,FCV,
"Cevallos-Cevallos, Juan Manuel",26632840200,,ESPOL,Unidades Académicas,FCV,
"Espinoza-Lozano, Lisbeth",55764188500,,ESPOL,Unidades Académicas,FCV,
"Ratti, M. F.",56014318600,,ESPOL,Unidades Académicas,FCV,
"Santos-Ordóñez, E.",57219913136,,ESPOL,Unidades Académicas,FCV,
"Cárdenas, Washington B.",6603402954,,ESPOL,Unidades Académicas,FCV,
"Calle, Paola",55668398900,,ESPOL,Unidades Académicas,FCV,
"Tirapé, Ana",8575128700,,ESPOL,Unidades Académicas,FCV,
"Domínguez, Gustavo A.",56022634500,,ESPOL,Unidades Académicas,FCV,
"Santos, Adriana",57201857436,,ESPOL,Unidades Académicas,FCV,
"Burbano-Villavicencio, Roberto Carlos",57222099513,,ESPOL,Unidades Académicas,FCV,
"Calderón, Fernanda",57201850102,,ESPOL,Unidades Académicas,FCV,
"Orellana-Manzano, Andrea",37089380900,,ESPOL,Unidades Académicas,FCV,
"Villalba, Ricardo",57205530711,,ESPOL,Unidades Académicas,FCV,
"Montiel, Marynes",7005128835,,ESPOL,Unidades Académicas,FCV,
"Alava, Eduardo I.",56491014700,,ESPOL,Unidades Académicas,FCV,
"Carvajal-Aldaz, Diana G.",57191904256,,ESPOL,Unidades Académicas,FCV,
"Cordeiro, Fernanda Bertuccez",55353001200,,ESPOL,Unidades Académicas,FCV,
"Quito-Avila, Diego F.",36706565100,,ESPOL,Unidades Académicas,FCV,
"Rodríguez, Jenny",7404697073,,ESPOL,Unidades Académicas,FCV,
"Bonilla, Julio",57211376405,,ESPOL,Unidades Académicas,FCV,
"Galarza-Romero, Luis",57220962987,,ESPOL,Unidades Académicas,FCV,
"Chavez, Eduardo",37024168300,,ESPOL,Unidades Académicas,FCV,
"Morales, Felix E.",36194228600,,ESPOL,Unidades Académicas,FCV,
"Díez, Nardy",57224005517,,ESPOL,Unidades Académicas,FCV,
"Barcos-Arias, Milton Senen",57203656643,,ESPOL,Unidades Académicas,FCV,
"Piedrahita, Paolo",37026882700,,ESPOL,Unidades Académicas,FCV,
"Nieto, Julia",56235296400,,ESPOL,Unidades Académicas,FCV,
"Ordonez, Carlos",57921154400,,ESPOL,Unidades Académicas,FCV,
"Ramírez-Alfonso, Karen Rossana",58154224700,,ESPOL,Unidades Académicas,FCV,
"Jimenez-Feijoó, María Isabel",57825769600,,ESPOL,Unidades Académicas,FCV,
"Reyes López, Mariela Felisa",57226133669,,ESPOL,Unidades Académicas,FCV,
"Sumba-Zhongor, Martha B.",57218376435,,ESPOL,Unidades Académicas,FCV,
"Torres-Ulloa, Malena",57961448300,,ESPOL,Unidades Académicas,FCV,
"Erazo, Luz Maria Valencia",57226339563,,ESPOL,Unidades Académicas,FCV,
"Álvarez-Córdova, Ludwig Roberto",57219482811,,ESPOL,Unidades Académicas,FCV,
"Andrade, Josseline",57392131500,,ESPOL,Unidades Académicas,FCV,
"Cucalón, Gabriela",57724893200,,ESPOL,Unidades Académicas,FCV,
"Flores-Madrid, Sara",57951717200,,ESPOL,Unidades Académicas,FCV,
"Pérez-Correa, Julián",57218385472,,ESPOL,Unidades Académicas,FCV,
"Yambay-Armijos, Karen",58103550400,,ESPOL,Unidades Académicas,FICT,
"Valverde-Burneo, David",57968117000,,ESPOL,Unidades Académicas,FICT,
"Vargas-Gutiérrez, Xavier",57211354393,,ESPOL,Unidades Académicas,FICT,
"Romero, Paola",57039020600,,ESPOL,Unidades Académicas,FICT,
"Arcentales, Danilo",57211357202,,ESPOL,Unidades Académicas,FICT,
"Escobar-Segovia, Kenny",57211353817,,ESPOL,Unidades Académicas,FICT,
"Garces, Daniel",56648306100,,ESPOL,Unidades Académicas,FICT,
"Hidalgo, Samantha",57221700432,,ESPOL,Unidades Académicas,FICT,
"Carrión-Maldonado, Freddy",57931532800,,ESPOL,Unidades Académicas,FICT,
"Loaiza, S.",57262868800,,ESPOL,Unidades Académicas,FICT,
"Carrión-Mero, Paúl",57208038096,,ESPOL,Unidades Académicas,FICT,
"Jiménez-Oyola, Samantha",57212627942,,ESPOL,Unidades Académicas,FICT,
"Vilela, Paulina",57201394172,,ESPOL,Unidades Académicas,FICT,
"Peña-Carpio, Elizabeth",56662203300,,ESPOL,Unidades Académicas,FICT,
"Arias-Hidalgo, Mijail",36493874100,,ESPOL,Unidades Académicas,FICT,
"Merchan-Sanmartín, Bethy",57226634700,,ESPOL,Unidades Académicas,FICT,
"Velastegui-Montoya, Andrés",57208080722,,ESPOL,Unidades Académicas,FICT,
"Valverde, P.",57209340713,,ESPOL,Unidades Académicas,FICT,
"Mulas, Maurizio",55273568900,,ESPOL,Unidades Académicas,FICT,
"Vitvar, Tomáš",14066709100,,ESPOL,Unidades Académicas,FICT,
"Mendoza, Jorge S.",7102491752,,ESPOL,Unidades Académicas,FICT,
"Garcia-Troncoso, Natividad",57243724200,,ESPOL,Unidades Académicas,FICT,
"Besenzon, Davide",57199715326,,ESPOL,Unidades Académicas,FICT,
"Lliguizaca-Davila, Jorge",57220076517,,ESPOL,Unidades Académicas,FICT,
"Valdiviezo-Ajila, Angel A.",57220637187,,ESPOL,Unidades Académicas,FICT,
"Sánchez-Calderón, Luis",57209682741,,ESPOL,Unidades Académicas,FICT,
"Altamirano-Moran, David",58619133700,,ESPOL,Unidades Académicas,FICT,
"Clavijo-Rivera, Angel",58413365800,,ESPOL,Unidades Académicas,FICT,
"Egüez Álava, Hugo",7801444145,,ESPOL,Unidades Académicas,FICT,
"Olaya, Peter",56505349700,,ESPOL,Unidades Académicas,FICT,
"Ordoñez-Obando, Maylin",57853538400,,ESPOL,Unidades Académicas,FICT,
"Rojas, Pedro P.",57206415452,,ESPOL,Unidades Académicas,FICT,
"Salas-Vázquez, Cristian A.",58074571000,,ESPOL,Unidades Académicas,FICT,
"Salgado-Almeida, Bryan",58119776200,,ESPOL,Unidades Académicas,FICT,
"Sanclemente, Eddy",37073229000,,ESPOL,Unidades Académicas,FICT,
"Anchundia, Johanna Zambrano",57204842623,,ESPOL,Unidades Académicas,FICT,
"Dueñas-Tovar, Jairo",57481370900,,ESPOL,Unidades Académicas,FICT,
"Villamar-Marazita, Karla",58046747400,,ESPOL,Unidades Académicas,FICT,
"Paz-Barzola, Daniela",57226637269,,ESPOL,Unidades Académicas,FICT,
"Suárez-Zamora, Sebastián",57864411700,,ESPOL,Unidades Académicas,FICT,
"Méndez Ruiz, J. I.",57945669000,,ESPOL,Unidades Académicas,FICT,
"Villalta-Echeverría, Michelle Del Pilar",57211348718,,ESPOL,Unidades Académicas,FICT,
"Peña-Villacreses, Gina",57944216800,,ESPOL,Unidades Académicas,FICT,
"Tello-Ayala, Ken",57951928300,,ESPOL,Unidades Académicas,FICT,
"Campoverde-Muñoz, Paulo",58046854700,,ESPOL,Unidades Académicas,FICT,
"Dender, Lenin",57226636419,,ESPOL,Unidades Académicas,FICT,
"Goyburo-Chávez, Cindy",58119998300,,ESPOL,Unidades Académicas,FICT,
"Larreta, Erwin",57210441550,,ESPOL,Unidades Académicas,FICT,
"Estupiñan, Rocío",57504887900,,ESPOL,Unidades Académicas,FICT,
"Sagnay-Sares, Fernando",57204838129,,ESPOL,Unidades Académicas,FICT,
"Echeverria, Vanessa",56016639400,,ESPOL,Unidades Académicas,FIEC,
"Luzardo, Gonzalo",55976123500,,ESPOL,Unidades Académicas,FIEC,
"Cortez, Dennys D.",57209911972,,ESPOL,Unidades Académicas,FIEC,
"Recalde, Angel Andres",57191481718,,ESPOL,Unidades Académicas,FIEC,
"Arreaga, Nestor X.",57201854391,,ESPOL,Unidades Académicas,FIEC,
"Chancay, Eduardo",57215334470,,ESPOL,Unidades Académicas,FIEC,
"Asanza, Víctor",57192640451,,ESPOL,Unidades Académicas,FIEC,
"Chiluiza, Katherine",55975399800,,ESPOL,Unidades Académicas,FIEC,
"Salazar, Carlos A.",57192643923,,ESPOL,Unidades Académicas,FIEC,
"Bonilla, Rafael I.",57197990664,,ESPOL,Unidades Académicas,FIEC,
"Rios Orellana, Sara Judith",57220591147,,ESPOL,Unidades Académicas,FIEC,
"Alejandro Molina, Otilia Maria",57216323144,,ESPOL,Unidades Académicas,FIEC,
"Ochoa, Daniel",36795354300,,ESPOL,Unidades Académicas,FIEC,
"Cordova, Jimmy",57215833527,,ESPOL,Unidades Académicas,FIEC,
"Torres, Miguel A.",57206660598,,ESPOL,Unidades Académicas,FIEC,
"Rivadeneira, Rafael E.",57210803558,,ESPOL,Unidades Académicas,FIEC,
"Núñez, Alfredo",57202943011,,ESPOL,Unidades Académicas,FIEC,
"Cordova-Garcia, Jose",57193746327,,ESPOL,Unidades Académicas,FIEC,
"Collaguazo, Adriana",57209481490,,ESPOL,Unidades Académicas,FIEC,
"Cruz, Eduardo",57207568864,,ESPOL,Unidades Académicas,FIEC,
"Endara, Iván",57201686236,,ESPOL,Unidades Académicas,FIEC,
"Torres, Danny",57280663700,,ESPOL,Unidades Académicas,FIEC,
"Vaca-Urbano, Fernando",57201133241,,ESPOL,Unidades Académicas,FIEC,
"Marin-Garcia, Ignacio",26633930600,,ESPOL,Unidades Académicas,FIEC,
"Mendoza, Luís Eduardo",7006043079,,ESPOL,Unidades Académicas,FIEC,
"Rengifo, Johnny",55803843500,,ESPOL,Unidades Académicas,FIEC,
"Cevallos, Holger",57330383700,,ESPOL,Unidades Académicas,FIEC,
"Vintimilla, Boris X.",6507077933,,ESPOL,Unidades Académicas,FIEC,
"Rubio, Gomer A.",57205583681,,ESPOL,Unidades Académicas,FIEC,
"Agila, W.",8905693300,,ESPOL,Unidades Académicas,FIEC,
"Añazco, Edwin Valarezo",57196190020,,ESPOL,Unidades Académicas,FIEC,
"Abad, Cristina L.",22957218500,,ESPOL,Unidades Académicas,FIEC,
"Urquizo, Javier",56587876500,,ESPOL,Unidades Académicas,FIEC,
"Aviles, Juan C.",57191971070,,ESPOL,Unidades Académicas,FIEC,
"Izquierdo, Edgar",38761337600,,ESPOL,Unidades Académicas,FIEC,
"Wong-Villacrés, Marisol",39062324300,,ESPOL,Unidades Académicas,FIEC,
"Villavicencio, Monica",54914547100,,ESPOL,Unidades Académicas,FIEC,
"Plaza, Douglas Antonio",24829599200,,ESPOL,Unidades Académicas,FIEC,
"Ramos, Boris",34168263700,,ESPOL,Unidades Académicas,FIEC,
"Paillacho, Dennys",56084736200,,ESPOL,Unidades Académicas,FIEC,
"Herrera, Efrén V.",57205126477,,ESPOL,Unidades Académicas,FIEC,
"Falcones, Sixifo",36023483900,,ESPOL,Unidades Académicas,FIEC,
"Vargas, German R.",36631075000,,ESPOL,Unidades Académicas,FIEC,
"Martín, César A.",55483457600,,ESPOL,Unidades Académicas,FIEC,
"Tapia-Rosero, Ana",55867179100,,ESPOL,Unidades Académicas,FIEC,
"Domínguez, Federico",8338734700,,ESPOL,Unidades Académicas,FIEC,
"Alvarez, María Antonieta",56810259400,,ESPOL,Unidades Académicas,FIEC,
"Cedeno-Mieles, Vanessa",57204816708,,ESPOL,Unidades Académicas,FIEC,
"Novillo, Francisco",26649094500,,ESPOL,Unidades Académicas,FIEC,
"Mera-Gómez, Carlos",57192917757,,ESPOL,Unidades Académicas,FIEC,
"Salcan-Reyes, Gabriela",57205376521,,ESPOL,Unidades Académicas,FIEC,
"Alvarez-Alvarado, Manuel S.",57193225079,,ESPOL,Unidades Académicas,FIEC,
"Velasquez, Washington",57203744720,,ESPOL,Unidades Académicas,FIEC,
"Méndez, Gonzalo Gabriel",56725883600,,ESPOL,Unidades Académicas,FIEC,
"Cajo, Ricardo",57148422200,,ESPOL,Unidades Académicas,FIEC,
"Peláez, Enrique",57350001200,,ESPOL,Unidades Académicas,FIEC,
"Medina, Washington",57189027020,,ESPOL,Unidades Académicas,FIEC,
"Estrada, Rebeca L.",58753754000,,ESPOL,Unidades Académicas,FIEC,
"Espinal, Albert",57211387582,,ESPOL,Unidades Académicas,FIEC,
"Tibau, Javier",56779975500,,ESPOL,Unidades Académicas,FIEC,
"Chavez-Burbano, Patricia",55933475000,,ESPOL,Unidades Académicas,FIEC,
"Realpe, Miguel",23393955200,,ESPOL,Unidades Académicas,FIEC,
"Sappa, A. D.",6603014642,,ESPOL,Unidades Académicas,FIEC,
"Tovar, Nelson",57206901868,,ESPOL,Unidades Académicas,FIEC,
"Luna, Jocellyn",57202659000,,ESPOL,Unidades Académicas,FIEC,
"Apolo-Tinoco, Christian A.",57762636300,,ESPOL,Unidades Académicas,FIEC,
"Constantine, Alisson",57205527275,,ESPOL,Unidades Académicas,FIEC,
"Viteri, José A.",57194440742,,ESPOL,Unidades Académicas,FIEC,
"Nunez-Montoya, Bolivar",57705357100,,ESPOL,Unidades Académicas,FIEC,
"Gallo M, Josselyn",57224860717,,ESPOL,Unidades Académicas,FIEC,
"Aguirre, Adriana A.",57202626389,,ESPOL,Unidades Académicas,FIEC,
"Arce, Victor A.",57204395885,,ESPOL,Unidades Académicas,FIEC,
"Avendaño, Allan",56452824600,,ESPOL,Unidades Académicas,FIEC,
"Caicedo, Guido",46461026600,,ESPOL,Unidades Académicas,FIEC,
"Carrillo, Gladys E.",56982735900,,ESPOL,Unidades Académicas,FIEC,
"Criollo, Ronald",57191225167,,ESPOL,Unidades Académicas,FIEC,
"Durango, Rayner",57483339900,,ESPOL,Unidades Académicas,FIEC,
"Magallanes, Jorge",57204396161,,ESPOL,Unidades Académicas,FIEC,
"Prieto, Alexander",58111190900,,ESPOL,Unidades Académicas,FIEC,
"Saraguro-Bravo, Rodrigo Alexander",57189462082,,ESPOL,Unidades Académicas,FIEC,
"Toscano-Quiroga, Tonny",57286875200,,ESPOL,Unidades Académicas,FIEC,
"Vaca, Carmen",57201576771,,ESPOL,Unidades Académicas,FIEC,
"Zambrano, Xavier",56888793300,,ESPOL,Unidades Académicas,FIEC,
"Amat, Aristóteles",57218168847,,ESPOL,Unidades Académicas,FIEC,
"Asencio, Jose Luis",57217245534,,ESPOL,Unidades Académicas,FIEC,
"Aviles, Ashley",57220186303,,ESPOL,Unidades Académicas,FIEC,
"Aviles-Cedeno, Jonathan",58417673800,,ESPOL,Unidades Académicas,FIEC,
"Cedeno, Carlos Z.",57216463426,,ESPOL,Unidades Académicas,FIEC,
"Valdiviezo, Daniel Andrés Cevallos",58619133900,,ESPOL,Unidades Académicas,FIEC,
"Ruiz, Irene Meying Cheung",58290517400,,ESPOL,Unidades Académicas,FIEC,
"Duarte-Martínez, V.",57198497423,,ESPOL,Unidades Académicas,FIEC,
"Freire, Maricela",57211542161,,ESPOL,Unidades Académicas,FIEC,
"Intriago, Raul",57207032068,,ESPOL,Unidades Académicas,FIEC,
"Jurado, Vanessa",58102625900,,ESPOL,Unidades Académicas,FIEC,
"Limones, Gabriel",57220183865,,ESPOL,Unidades Académicas,FIEC,
"Malo, Frank",57217247944,,ESPOL,Unidades Académicas,FIEC,
"Miranda, Livingston",57214555936,,ESPOL,Unidades Académicas,FIEC,
"Rea, Felix Moncayo",57206904554,,ESPOL,Unidades Académicas,FIEC,
"Ojeda, Verónica",57204773569,,ESPOL,Unidades Académicas,FIEC,
"Ramírez, Francisco",57197708568,,ESPOL,Unidades Académicas,FIEC,
"Ramírez, María J.",57202627197,,ESPOL,Unidades Académicas,FIEC,
"Soto, Veronica",57204417587,,ESPOL,Unidades Académicas,FIEC,
"Vaccaro, Christopher",57947038500,,ESPOL,Unidades Académicas,FIEC,
"Veriñaz, Herman I.",57217059346,,ESPOL,Unidades Académicas,FIEC,
"Sonnenholzner, Stanislaus",18438697500,,ESPOL,Unidades Académicas,FIMCM,
"Cornejo-Rodriguez, Maria del Pilar",57189254420,,ESPOL,Unidades Académicas,FIMCM,
"Landívar, Jerry J.",57189731375,,ESPOL,Unidades Académicas,FIMCM,
"Saltos-Andrade, Iván",57220072731,,ESPOL,Unidades Académicas,FIMCM,
"Marín-López, José R.",57222641137,,ESPOL,Unidades Académicas,FIMCM,
"Nolivos-Alvarez, Indira",55184033800,,ESPOL,Unidades Académicas,FIMCM,
"Calles, Alba",57211586629,,ESPOL,Unidades Académicas,FIMCM,
"Paredes, Ruben J.",57193206570,,ESPOL,Unidades Académicas,FIMCM,
"Argüello-Guevara, W.",55445248900,,ESPOL,Unidades Académicas,FIMCM,
"Marquez, Adrian",37665506700,,ESPOL,Unidades Académicas,FIMCM,
"Marín-Jarrín, María José",57212309296,,ESPOL,Unidades Académicas,FIMCM,
"Ormaza-González, Franklin Isaac",6506478826,,ESPOL,Unidades Académicas,FIMCM,
"Borbor, Mercy Cordova",57200165308,,ESPOL,Unidades Académicas,FIMCM,
"Bayot, Bonny",6504224308,,ESPOL,Unidades Académicas,FIMCM,
"Townsend, Patrick",57193334988,,ESPOL,Unidades Académicas,FIMCM,
"Martillo, Carlos",56305394000,,ESPOL,Unidades Académicas,FIMCM,
"Rincón, Gladys",55945280500,,ESPOL,Unidades Académicas,FIMCM,
"Andrade-García, Gina",57220068385,,ESPOL,Unidades Académicas,FIMCM,
"Cedeño, Jonathan",57220067487,,ESPOL,Unidades Académicas,FIMCM,
"Cervantes, Eduardo",57211587417,,ESPOL,Unidades Académicas,FIMCM,
"Domínguez Ruiz, Franklin J.R.",57217258745,,ESPOL,Unidades Académicas,FIMCM,
"Osorio, Victor",58088207200,,ESPOL,Unidades Académicas,FIMCM,
"Urdiales, Patricia",58036326200,,ESPOL,Unidades Académicas,FIMCM,
"Mendoza, Jorge I.",58023107500,,ESPOL,Unidades Académicas,FIMCM,
"Plaza, David",58639275000,,ESPOL,Unidades Académicas,FIMCM,
"Rodríguez, José M.",57392128000,,ESPOL,Unidades Académicas,FIMCM,
"Bermúdez, Jorge Rafael",55180776800,,ESPOL,Unidades Académicas,FIMCM,
"Abad-Morán, Jorge",57201861538,,ESPOL,Unidades Académicas,FIMCP,
"Abad, Andres G.",55965684700,,ESPOL,Unidades Académicas,FIMCP,
"Adanaqué-Bravo, Ingrid",57273930900,,ESPOL,Unidades Académicas,FIMCP,
"Adrian, Estephany",57773564500,,ESPOL,Unidades Académicas,FIMCP,
"Aigaje, Elizabeth",58134574000,,ESPOL,Unidades Académicas,FIMCP,
"Alcivar, Isabel",57034224300,,ESPOL,Unidades Académicas,FIMCP,
"Almeida Pazmiño, Gonzalo A.",57208125198,,ESPOL,Unidades Académicas,FIMCP,
"Amaya, Jorge Luis",57729141400,,ESPOL,Unidades Académicas,FIMCP,
"Barcia, Kleber F.",57201853216,,ESPOL,Unidades Académicas,FIMCP,
"Baykara, Haci",9244086100,,ESPOL,Unidades Académicas,FIMCP,
"Bermúdez, Javier E.",57197781627,,ESPOL,Unidades Académicas,FIMCP,
"Boero, Andrea Jael",57188681313,,ESPOL,Unidades Académicas,FIMCP,
"Buestán, Marcos N.",57196019074,,ESPOL,Unidades Académicas,FIMCP,
"Cáceres, Patricio J.",55973941700,,ESPOL,Unidades Académicas,FIMCP,
"Castillo-Orozco, Eduardo",56993767200,,ESPOL,Unidades Académicas,FIMCP,
"Castillo, Priscila",58167311200,,ESPOL,Unidades Académicas,FIMCP,
"Castro, Livingston D.",57205602462,,ESPOL,Unidades Académicas,FIMCP,
"Coello Montoya, Diana",57877464800,,ESPOL,Unidades Académicas,FIMCP,
"Coello, Karín E.",57224474382,,ESPOL,Unidades Académicas,FIMCP,
"Cordova, Jimmy",57215833527,,ESPOL,Unidades Académicas,FIMCP,
"Cornejo, Mauricio Heriberto",57224322470,,ESPOL,Unidades Académicas,FIMCP,
"Cornejo, Fabiola",56403042100,,ESPOL,Unidades Académicas,FIMCP,
"Coronel-León, Jonathan",56538670900,,ESPOL,Unidades Académicas,FIMCP,
"Criollo, Paulina",57220103944,,ESPOL,Unidades Académicas,FIMCP,
"Cuenca, Carlos A.",57428677100,,ESPOL,Unidades Académicas,FIMCP,
"Delgado-Plaza, Emérita",57201852080,,ESPOL,Unidades Académicas,FIMCP,
"Duque-Rivera, Jorge W.",55199480800,,ESPOL,Unidades Académicas,FIMCP,
"Durazno, Galo A.",55566834200,,ESPOL,Unidades Académicas,FIMCP,
"Espinoza-Andaluz, Mayken",57221228898,,ESPOL,Unidades Académicas,FIMCP,
"Fajardo-Pruna, Marcelo",57195539927,,ESPOL,Unidades Académicas,FIMCP,
"Fiallos-Cárdenas, Manuel",57383709000,,ESPOL,Unidades Académicas,FIMCP,
"Guadalupe-Moyano, Verónica",57546651100,,ESPOL,Unidades Académicas,FIMCP,
"Helguero, Carlos G.",57190195004,,ESPOL,Unidades Académicas,FIMCP,
"Hidalgo-León, Rubén",57205878061,,ESPOL,Unidades Académicas,FIMCP,
"Hurel, Jorge",55233927000,,ESPOL,Unidades Académicas,FIMCP,
"Jervis, Freddy X.",36246339800,,ESPOL,Unidades Académicas,FIMCP,
"Khorami, Majid",57195411779,,ESPOL,Unidades Académicas,FIMCP,
"Lazo, Miriam",57214469102,,ESPOL,Unidades Académicas,FIMCP,
"León, Jonathan",57200330412,,ESPOL,Unidades Académicas,FIMCP,
"Loayza, Francis R.",28267792700,,ESPOL,Unidades Académicas,FIMCP,
"López, Sofía",58338926700,,ESPOL,Unidades Académicas,FIMCP,
"López-Sarzosa, M. F.",57203825239,,ESPOL,Unidades Académicas,FIMCP,
"Macías, José",57194634010,,ESPOL,Unidades Académicas,FIMCP,
"Maldonado, Fausto",57201852634,,ESPOL,Unidades Académicas,FIMCP,
"Martínez, Ernesto",58619939900,,ESPOL,Unidades Académicas,FIMCP,
"Melendres, A. M.",57204766892,,ESPOL,Unidades Académicas,FIMCP,
"Moreira, Cesar M.",34978993100,,ESPOL,Unidades Académicas,FIMCP,
"Moreira, Daniel",57200333216,,ESPOL,Unidades Académicas,FIMCP,
"Murrieta Oquendo, María Elena",57201855390,,ESPOL,Unidades Académicas,FIMCP,
"Palacios-Cabrera, Héctor",6504455658,,ESPOL,Unidades Académicas,FIMCP,
"Palacios, Sócrates",57194526625,,ESPOL,Unidades Académicas,FIMCP,
"Patiño-Aroca, Mario",57836976000,,ESPOL,Unidades Académicas,FIMCP,
"Patiño, José",58118721300,,ESPOL,Unidades Académicas,FIMCP,
"Pazmiño, Mayra L.",57306459400,,ESPOL,Unidades Académicas,FIMCP,
"Peralta-Jaramillo, Juan",57034239100,,ESPOL,Unidades Académicas,FIMCP,
"Pérez, Cinthia C.",57196023646,,ESPOL,Unidades Académicas,FIMCP,
"Perugachi, Rodrigo",57201857453,,ESPOL,Unidades Académicas,FIMCP,
"Petroche, Daniel Marx",57188683559,,ESPOL,Unidades Académicas,FIMCP,
"Pico, Nabih",57441280500,,ESPOL,Unidades Académicas,FIMCP,
"Plaza-Ibarra, Luis",58183424600,,ESPOL,Unidades Académicas,FIMCP,
"Plua, Abraham",57226747732,,ESPOL,Unidades Académicas,FIMCP,
"Porras, Frank",56376735700,,ESPOL,Unidades Académicas,FIMCP,
"Puruncajas, Bryan",57217172264,,ESPOL,Unidades Académicas,FIMCP,
"Quilambaqui-Jara, Miguel Ángel",57206770125,,ESPOL,Unidades Académicas,FIMCP,
"Ramirez, Angel Diego",53865403200,,ESPOL,Unidades Académicas,FIMCP,
"Rigail-Cedeño, Andrés",8905349600,,ESPOL,Unidades Académicas,FIMCP,
"Rivas, Ana Luisa",7005714951,,ESPOL,Unidades Académicas,FIMCP,
"Rodríguez, Denise",56575911500,,ESPOL,Unidades Académicas,FIMCP,
"Salas-Gomez, Veronica",57737859300,,ESPOL,Unidades Académicas,FIMCP,
"Salas, Daniel Andrés",57188689543,,ESPOL,Unidades Académicas,FIMCP,
"Salazar, Rómulo",55188813700,,ESPOL,Unidades Académicas,FIMCP,
"Saldarriaga, Carlos",57222549377,,ESPOL,Unidades Académicas,FIMCP,
"Silva-Leon, Jorge",57197806178,,ESPOL,Unidades Académicas,FIMCP,
"Silva, Christian E.",56937628900,,ESPOL,Unidades Académicas,FIMCP,
"Soriano, Guillermo",24330258500,,ESPOL,Unidades Académicas,FIMCP,
"Tagle Freire, Danny",57203914431,,ESPOL,Unidades Académicas,FIMCP,
"Tapia-Bastidas, Clotario V.",57195475502,,ESPOL,Unidades Académicas,FIMCP,
"Teran, Efrain",56728192000,,ESPOL,Unidades Académicas,FIMCP,
"Tutivén, Christian",56677700300,,ESPOL,Unidades Académicas,FIMCP,
"Yepez, Ximena V.",57191478764,,ESPOL,Unidades Académicas,FIMCP,
"Yumbla, Francisco",57201852791,,ESPOL,Unidades Académicas,FIMCP,
"Zabala, Gonzalo",57191724800,,ESPOL,Unidades Académicas,FIMCP,
"Zambrano Palma, Luis D.",57965869500,,ESPOL,Unidades Académicas,FIMCP,
"Zamora, Geancarlos",57205598992,,ESPOL,Unidades Académicas,FIMCP,
"Condo-Colcha, Felipe",58182796900,,ESPOL,Unidades Académicas,FIMCP,
"Encalada-Dávila, Ángel",57222495262,,ESPOL,Unidades Académicas,OTROS 2023,
"Monsalve, Carlos",36240865700,,ESPOL,Unidades Académicas,FIEC,
"Paredes, Cecilia A.",7006458592,,ESPOL,Unidades Académicas,FIMCP,
"Velesaca, Henry O.",57216456457,,ESPOL,,OTROS 2023,
"Glenda, Sánchez",57211354747,,ESPOL,Unidades Académicas,i3Lab,
"Salinas-Palma, Alexandra",57961249800,,ESPOL,Unidades Académicas,Decanato de Grado,
"Cornejo-Franco, Juan F.",57199854408,,ESPOL,,OTROS 2023,
"Guaman-Quintanilla, Sharon",57211349153,,ESPOL,Unidades Académicas,i3Lab,
"Yaguana, Jhony",58297222300,,ESPOL,,OTROS 2023,
"Aizaga, Xavier",58355961700,,ESPOL,,OTROS 2023,
"Macias-Aguayo, Jaime",57211355921,,ESPOL,,OTROS 2023,
"Moreno-Peña, Lissette",58494496900,,ESPOL,,OTROS 2023,
"Byron, Diaz",58201951300,,ESPOL,,OTROS 2023,
"Granados, German A.",57208129700,,ESPOL,Unidades Académicas,Decanato de Grado,
"Preciado, Cristhian",58608934000,,ESPOL,,OTROS 2023,
"Muñoz, Valeria",58494496800,,ESPOL,,OTROS 2023,
"Rosado-Moncayo, Andrea Mishell",57221385483,,ESPOL,,OTROS 2023,
"Auria, Benito",57446420300,,ESPOL,,OTROS 2023,
"Santana-Villamar, Jordy",57755630600,,ESPOL,,OTROS 2023,
"Carpio, Dario",57388562500,,ESPOL,,OTROS 2023,
"Vera, Nelson",58535478200,,ESPOL,,OTROS 2023,
"Massay, Carolina",57226105177,,ESPOL,,OTROS 2023,
"Menoscal Menoscal, Melanie Annabela",58612375200,,ESPOL,,OTROS 2023,
"Genny, Quijije Franco",58202423100,,ESPOL,,OTROS 2023,
"Paillacho Corredores, Jonathan S.",57215835311,,ESPOL,,OTROS 2023,
"Bravo-Murillo, Gianella",57477152000,,ESPOL,,OTROS 2023,
"Caicedo-Potosí, Jhon K.",57216851845,,ESPOL,,OTROS 2023,
"Galarza-Villamar, Andres",57229772700,,ESPOL,,OTROS 2023,
"Galarza-Villamar, Julissa Alexandra",57203951592,,ESPOL,,OTROS 2023,
"Guanoluisa, Jefferson",57931386900,,ESPOL,,OTROS 2023,
"Gurumendi-Noriega, Miguel",57219489175,,ESPOL,,OTROS 2023,
"Lafuente, Wilson",57198420975,,ESPOL,,OTROS 2023,
"Malavé-Hernández, Jenifer",57220067957,,ESPOL,,OTROS 2023,
"Murillo-Lozano, Israel",57211354575,,ESPOL,,OTROS 2023,
"Murillo-Portillo, Ricardo",58157338100,,ESPOL,,OTROS 2023,
"Navarrete, Alba L.",57930353400,,ESPOL,,OTROS 2023,
